ISO-10303-21;
HEADER;
/* Generated by software containing ST-Developer
 * from STEP Tools, Inc. (www.steptools.com) 
 */
/* OPTION: using custom renumber hook */

FILE_DESCRIPTION(
/* description */ ('STEP AP242 Edition 2',
'CAx-IF Rec.Pracs.---Representation and Presentation of Product Manufa
cturing Information (PMI)---4.0---2014-10-13',
'CAx-IF Rec.Pracs.---3D Tessellated Geometry---0.4---2014-09-14','2;1',
'CAx-IF Rec.Pracs.---User Defined Attributes---1.5---2016-08-15'),
/* implementation_level */ '2;1');

FILE_NAME(
/* name */ 'fan',
/* time_stamp */ '2026-04-24T02:14:08Z',
/* author */ (''),
/* organization */ (''),
/* preprocessor_version */ 'ST-DEVELOPER v20',
/* originating_system */ 'ONSHAPE BY PTC INC, 1.213',
/* authorisation */ '  ');

FILE_SCHEMA (('AP242_MANAGED_MODEL_BASED_3D_ENGINEERING_MIM_LF { 1 0 10303 442 3 1 4 }'));
ENDSEC;

DATA;
#10=LINE('',#2995,#26);
#11=LINE('',#2998,#27);
#12=LINE('',#3000,#28);
#13=LINE('',#3002,#29);
#14=LINE('',#3004,#30);
#15=LINE('',#3007,#31);
#16=LINE('',#3009,#32);
#17=LINE('',#3011,#33);
#18=LINE('',#3013,#34);
#19=LINE('',#3016,#35);
#20=LINE('',#3018,#36);
#21=LINE('',#3020,#37);
#22=LINE('',#3047,#38);
#23=LINE('',#3050,#39);
#24=LINE('',#3052,#40);
#25=LINE('',#3054,#41);
#26=VECTOR('',#2069,1.);
#27=VECTOR('',#2070,1.);
#28=VECTOR('',#2071,1.);
#29=VECTOR('',#2072,1.);
#30=VECTOR('',#2075,1.);
#31=VECTOR('',#2076,1.);
#32=VECTOR('',#2077,1.);
#33=VECTOR('',#2078,1.);
#34=VECTOR('',#2081,1.);
#35=VECTOR('',#2082,1.);
#36=VECTOR('',#2083,1.);
#37=VECTOR('',#2084,1.);
#38=VECTOR('',#2117,1.);
#39=VECTOR('',#2118,1.);
#40=VECTOR('',#2119,1.);
#41=VECTOR('',#2120,1.);
#42=SHAPE_REPRESENTATION_RELATIONSHIP('','',#1582,#44);
#43=SHAPE_REPRESENTATION_RELATIONSHIP('','',#1583,#45);
#44=ADVANCED_BREP_SHAPE_REPRESENTATION('',(#1578),#3071);
#45=ADVANCED_BREP_SHAPE_REPRESENTATION('',(#1579),#3072);
#46=TOROIDAL_SURFACE('',#1596,0.0226399987379425,0.0007);
#47=TOROIDAL_SURFACE('',#1598,0.0228528342924378,0.0007);
#48=TOROIDAL_SURFACE('',#1599,0.0195816292657779,0.0007);
#49=TOROIDAL_SURFACE('',#1601,0.019769567789935,0.0007);
#50=TOROIDAL_SURFACE('',#1609,0.0226399987379425,0.0007);
#51=TOROIDAL_SURFACE('',#1611,0.0228528342924378,0.0007);
#52=TOROIDAL_SURFACE('',#1612,0.0195816292657779,0.0007);
#53=TOROIDAL_SURFACE('',#1614,0.019769567789935,0.0007);
#54=TOROIDAL_SURFACE('',#1622,0.0226399987379425,0.0007);
#55=TOROIDAL_SURFACE('',#1624,0.0228528342924378,0.0007);
#56=TOROIDAL_SURFACE('',#1625,0.0195816292657779,0.0007);
#57=TOROIDAL_SURFACE('',#1627,0.019769567789935,0.0007);
#58=TOROIDAL_SURFACE('',#1635,0.0226399987379425,0.0007);
#59=TOROIDAL_SURFACE('',#1637,0.0228528342924378,0.0007);
#60=TOROIDAL_SURFACE('',#1638,0.0195816292657779,0.0007);
#61=TOROIDAL_SURFACE('',#1640,0.019769567789935,0.0007);
#62=TOROIDAL_SURFACE('',#1648,0.0226399987379425,0.0007);
#63=TOROIDAL_SURFACE('',#1650,0.0228528342924378,0.0007);
#64=TOROIDAL_SURFACE('',#1651,0.0195816292657779,0.0007);
#65=TOROIDAL_SURFACE('',#1653,0.019769567789935,0.0007);
#66=TOROIDAL_SURFACE('',#1661,0.0226399987379425,0.0007);
#67=TOROIDAL_SURFACE('',#1663,0.0228528342924378,0.0007);
#68=TOROIDAL_SURFACE('',#1664,0.0195816292657779,0.0007);
#69=TOROIDAL_SURFACE('',#1666,0.019769567789935,0.0007);
#70=TOROIDAL_SURFACE('',#1674,0.0226399987379425,0.0007);
#71=TOROIDAL_SURFACE('',#1676,0.0228528342924378,0.0007);
#72=TOROIDAL_SURFACE('',#1677,0.0195816292657779,0.0007);
#73=TOROIDAL_SURFACE('',#1679,0.019769567789935,0.0007);
#74=TOROIDAL_SURFACE('',#1687,0.0226399987379425,0.0007);
#75=TOROIDAL_SURFACE('',#1689,0.0228528342924378,0.0007);
#76=TOROIDAL_SURFACE('',#1690,0.0195816292657779,0.0007);
#77=TOROIDAL_SURFACE('',#1692,0.019769567789935,0.0007);
#78=TOROIDAL_SURFACE('',#1700,0.0226399987379425,0.0007);
#79=TOROIDAL_SURFACE('',#1702,0.0228528342924378,0.0007);
#80=TOROIDAL_SURFACE('',#1703,0.0195816292657779,0.0007);
#81=TOROIDAL_SURFACE('',#1705,0.019769567789935,0.0007);
#82=TOROIDAL_SURFACE('',#1713,0.0226399987379425,0.0007);
#83=TOROIDAL_SURFACE('',#1715,0.0228528342924378,0.0007);
#84=TOROIDAL_SURFACE('',#1716,0.0195816292657779,0.0007);
#85=TOROIDAL_SURFACE('',#1718,0.019769567789935,0.0007);
#86=TOROIDAL_SURFACE('',#1726,0.0226399987379425,0.0007);
#87=TOROIDAL_SURFACE('',#1728,0.0228528342924378,0.0007);
#88=TOROIDAL_SURFACE('',#1729,0.0195816292657779,0.0007);
#89=TOROIDAL_SURFACE('',#1731,0.019769567789935,0.0007);
#90=CONICAL_SURFACE('',#1590,0.0188723688550569,0.349065850398866);
#91=CONICAL_SURFACE('',#1593,0.02,0.349065850398866);
#92=CONICAL_SURFACE('',#1603,0.0188723688550569,0.349065850398866);
#93=CONICAL_SURFACE('',#1606,0.02,0.349065850398866);
#94=CONICAL_SURFACE('',#1616,0.0188723688550569,0.349065850398866);
#95=CONICAL_SURFACE('',#1619,0.02,0.349065850398866);
#96=CONICAL_SURFACE('',#1629,0.0188723688550569,0.349065850398866);
#97=CONICAL_SURFACE('',#1632,0.02,0.349065850398866);
#98=CONICAL_SURFACE('',#1642,0.0188723688550569,0.349065850398866);
#99=CONICAL_SURFACE('',#1645,0.02,0.349065850398866);
#100=CONICAL_SURFACE('',#1655,0.0188723688550569,0.349065850398866);
#101=CONICAL_SURFACE('',#1658,0.02,0.349065850398866);
#102=CONICAL_SURFACE('',#1668,0.0188723688550569,0.349065850398866);
#103=CONICAL_SURFACE('',#1671,0.02,0.349065850398866);
#104=CONICAL_SURFACE('',#1681,0.0188723688550569,0.349065850398866);
#105=CONICAL_SURFACE('',#1684,0.02,0.349065850398866);
#106=CONICAL_SURFACE('',#1694,0.0188723688550569,0.349065850398866);
#107=CONICAL_SURFACE('',#1697,0.02,0.349065850398866);
#108=CONICAL_SURFACE('',#1707,0.0188723688550569,0.349065850398866);
#109=CONICAL_SURFACE('',#1710,0.02,0.349065850398866);
#110=CONICAL_SURFACE('',#1720,0.0188723688550569,0.349065850398866);
#111=CONICAL_SURFACE('',#1723,0.02,0.349065850398866);
#112=PLANE('',#1588);
#113=PLANE('',#1589);
#114=PLANE('',#1734);
#115=PLANE('',#1735);
#116=PLANE('',#1736);
#117=PLANE('',#1752);
#118=PLANE('',#1753);
#119=PLANE('',#1758);
#120=CIRCLE('',#1586,0.015);
#121=CIRCLE('',#1587,0.015);
#122=CIRCLE('',#1591,0.0191117829553849);
#123=CIRCLE('',#1592,0.0221950494578876);
#124=CIRCLE('',#1594,0.0202394141003279);
#125=CIRCLE('',#1595,0.0232977835724927);
#126=CIRCLE('',#1597,0.0227464165151902);
#127=CIRCLE('',#1600,0.0194386400216754);
#128=CIRCLE('',#1604,0.0191117829553849);
#129=CIRCLE('',#1605,0.0221950494578876);
#130=CIRCLE('',#1607,0.0202394141003279);
#131=CIRCLE('',#1608,0.0232977835724927);
#132=CIRCLE('',#1610,0.0227464165151902);
#133=CIRCLE('',#1613,0.0194386400216754);
#134=CIRCLE('',#1617,0.0191117829553849);
#135=CIRCLE('',#1618,0.0221950494578876);
#136=CIRCLE('',#1620,0.0202394141003279);
#137=CIRCLE('',#1621,0.0232977835724927);
#138=CIRCLE('',#1623,0.0227464165151902);
#139=CIRCLE('',#1626,0.0194386400216754);
#140=CIRCLE('',#1630,0.0191117829553849);
#141=CIRCLE('',#1631,0.0221950494578876);
#142=CIRCLE('',#1633,0.0202394141003279);
#143=CIRCLE('',#1634,0.0232977835724927);
#144=CIRCLE('',#1636,0.0227464165151902);
#145=CIRCLE('',#1639,0.0194386400216754);
#146=CIRCLE('',#1643,0.0191117829553849);
#147=CIRCLE('',#1644,0.0221950494578876);
#148=CIRCLE('',#1646,0.0202394141003279);
#149=CIRCLE('',#1647,0.0232977835724927);
#150=CIRCLE('',#1649,0.0227464165151902);
#151=CIRCLE('',#1652,0.0194386400216754);
#152=CIRCLE('',#1656,0.0191117829553849);
#153=CIRCLE('',#1657,0.0221950494578876);
#154=CIRCLE('',#1659,0.0202394141003279);
#155=CIRCLE('',#1660,0.0232977835724927);
#156=CIRCLE('',#1662,0.0227464165151902);
#157=CIRCLE('',#1665,0.0194386400216754);
#158=CIRCLE('',#1669,0.0191117829553849);
#159=CIRCLE('',#1670,0.0221950494578876);
#160=CIRCLE('',#1672,0.0202394141003279);
#161=CIRCLE('',#1673,0.0232977835724927);
#162=CIRCLE('',#1675,0.0227464165151902);
#163=CIRCLE('',#1678,0.0194386400216754);
#164=CIRCLE('',#1682,0.0191117829553849);
#165=CIRCLE('',#1683,0.0221950494578876);
#166=CIRCLE('',#1685,0.0202394141003279);
#167=CIRCLE('',#1686,0.0232977835724927);
#168=CIRCLE('',#1688,0.0227464165151902);
#169=CIRCLE('',#1691,0.0194386400216754);
#170=CIRCLE('',#1695,0.0191117829553849);
#171=CIRCLE('',#1696,0.0221950494578876);
#172=CIRCLE('',#1698,0.0202394141003279);
#173=CIRCLE('',#1699,0.0232977835724927);
#174=CIRCLE('',#1701,0.0227464165151902);
#175=CIRCLE('',#1704,0.0194386400216754);
#176=CIRCLE('',#1708,0.0191117829553849);
#177=CIRCLE('',#1709,0.0221950494578876);
#178=CIRCLE('',#1711,0.0202394141003279);
#179=CIRCLE('',#1712,0.0232977835724927);
#180=CIRCLE('',#1714,0.0227464165151902);
#181=CIRCLE('',#1717,0.0194386400216754);
#182=CIRCLE('',#1721,0.0191117829553849);
#183=CIRCLE('',#1722,0.0221950494578876);
#184=CIRCLE('',#1724,0.0202394141003279);
#185=CIRCLE('',#1725,0.0232977835724927);
#186=CIRCLE('',#1727,0.0227464165151902);
#187=CIRCLE('',#1730,0.0194386400216754);
#188=CIRCLE('',#1738,0.0285);
#189=CIRCLE('',#1739,0.0285);
#190=CIRCLE('',#1741,0.002375);
#191=CIRCLE('',#1742,0.002375);
#192=CIRCLE('',#1744,0.002375);
#193=CIRCLE('',#1745,0.002375);
#194=CIRCLE('',#1747,0.002375);
#195=CIRCLE('',#1748,0.002375);
#196=CIRCLE('',#1750,0.002375);
#197=CIRCLE('',#1751,0.002375);
#198=CIRCLE('',#1754,0.005);
#199=CIRCLE('',#1755,0.005);
#200=CIRCLE('',#1756,0.005);
#201=CIRCLE('',#1757,0.005);
#202=CIRCLE('',#1759,0.005);
#203=CIRCLE('',#1760,0.005);
#204=CIRCLE('',#1761,0.005);
#205=CIRCLE('',#1762,0.005);
#206=ORIENTED_EDGE('',*,*,#674,.T.);
#207=ORIENTED_EDGE('',*,*,#675,.T.);
#208=ORIENTED_EDGE('',*,*,#676,.F.);
#209=ORIENTED_EDGE('',*,*,#677,.T.);
#210=ORIENTED_EDGE('',*,*,#678,.T.);
#211=ORIENTED_EDGE('',*,*,#679,.T.);
#212=ORIENTED_EDGE('',*,*,#680,.T.);
#213=ORIENTED_EDGE('',*,*,#681,.T.);
#214=ORIENTED_EDGE('',*,*,#682,.F.);
#215=ORIENTED_EDGE('',*,*,#683,.T.);
#216=ORIENTED_EDGE('',*,*,#684,.T.);
#217=ORIENTED_EDGE('',*,*,#685,.T.);
#218=ORIENTED_EDGE('',*,*,#686,.T.);
#219=ORIENTED_EDGE('',*,*,#687,.T.);
#220=ORIENTED_EDGE('',*,*,#688,.F.);
#221=ORIENTED_EDGE('',*,*,#689,.T.);
#222=ORIENTED_EDGE('',*,*,#690,.T.);
#223=ORIENTED_EDGE('',*,*,#691,.T.);
#224=ORIENTED_EDGE('',*,*,#692,.T.);
#225=ORIENTED_EDGE('',*,*,#693,.T.);
#226=ORIENTED_EDGE('',*,*,#694,.F.);
#227=ORIENTED_EDGE('',*,*,#695,.T.);
#228=ORIENTED_EDGE('',*,*,#696,.T.);
#229=ORIENTED_EDGE('',*,*,#697,.T.);
#230=ORIENTED_EDGE('',*,*,#698,.T.);
#231=ORIENTED_EDGE('',*,*,#699,.T.);
#232=ORIENTED_EDGE('',*,*,#700,.F.);
#233=ORIENTED_EDGE('',*,*,#701,.T.);
#234=ORIENTED_EDGE('',*,*,#702,.T.);
#235=ORIENTED_EDGE('',*,*,#703,.T.);
#236=ORIENTED_EDGE('',*,*,#704,.T.);
#237=ORIENTED_EDGE('',*,*,#705,.T.);
#238=ORIENTED_EDGE('',*,*,#706,.F.);
#239=ORIENTED_EDGE('',*,*,#707,.T.);
#240=ORIENTED_EDGE('',*,*,#708,.T.);
#241=ORIENTED_EDGE('',*,*,#709,.T.);
#242=ORIENTED_EDGE('',*,*,#710,.T.);
#243=ORIENTED_EDGE('',*,*,#711,.T.);
#244=ORIENTED_EDGE('',*,*,#712,.F.);
#245=ORIENTED_EDGE('',*,*,#713,.T.);
#246=ORIENTED_EDGE('',*,*,#714,.T.);
#247=ORIENTED_EDGE('',*,*,#715,.T.);
#248=ORIENTED_EDGE('',*,*,#716,.T.);
#249=ORIENTED_EDGE('',*,*,#717,.T.);
#250=ORIENTED_EDGE('',*,*,#718,.F.);
#251=ORIENTED_EDGE('',*,*,#719,.T.);
#252=ORIENTED_EDGE('',*,*,#720,.T.);
#253=ORIENTED_EDGE('',*,*,#721,.T.);
#254=ORIENTED_EDGE('',*,*,#722,.T.);
#255=ORIENTED_EDGE('',*,*,#723,.T.);
#256=ORIENTED_EDGE('',*,*,#724,.F.);
#257=ORIENTED_EDGE('',*,*,#725,.T.);
#258=ORIENTED_EDGE('',*,*,#726,.T.);
#259=ORIENTED_EDGE('',*,*,#727,.T.);
#260=ORIENTED_EDGE('',*,*,#728,.T.);
#261=ORIENTED_EDGE('',*,*,#729,.T.);
#262=ORIENTED_EDGE('',*,*,#730,.F.);
#263=ORIENTED_EDGE('',*,*,#731,.T.);
#264=ORIENTED_EDGE('',*,*,#732,.T.);
#265=ORIENTED_EDGE('',*,*,#733,.T.);
#266=ORIENTED_EDGE('',*,*,#734,.T.);
#267=ORIENTED_EDGE('',*,*,#735,.T.);
#268=ORIENTED_EDGE('',*,*,#736,.F.);
#269=ORIENTED_EDGE('',*,*,#737,.T.);
#270=ORIENTED_EDGE('',*,*,#738,.T.);
#271=ORIENTED_EDGE('',*,*,#739,.T.);
#272=ORIENTED_EDGE('',*,*,#740,.F.);
#273=ORIENTED_EDGE('',*,*,#741,.T.);
#274=ORIENTED_EDGE('',*,*,#740,.T.);
#275=ORIENTED_EDGE('',*,*,#741,.F.);
#276=ORIENTED_EDGE('',*,*,#739,.F.);
#277=ORIENTED_EDGE('',*,*,#742,.T.);
#278=ORIENTED_EDGE('',*,*,#743,.F.);
#279=ORIENTED_EDGE('',*,*,#744,.T.);
#280=ORIENTED_EDGE('',*,*,#745,.T.);
#281=ORIENTED_EDGE('',*,*,#736,.T.);
#282=ORIENTED_EDGE('',*,*,#746,.T.);
#283=ORIENTED_EDGE('',*,*,#747,.T.);
#284=ORIENTED_EDGE('',*,*,#735,.F.);
#285=ORIENTED_EDGE('',*,*,#748,.F.);
#286=ORIENTED_EDGE('',*,*,#749,.F.);
#287=ORIENTED_EDGE('',*,*,#746,.F.);
#288=ORIENTED_EDGE('',*,*,#734,.F.);
#289=ORIENTED_EDGE('',*,*,#744,.F.);
#290=ORIENTED_EDGE('',*,*,#750,.F.);
#291=ORIENTED_EDGE('',*,*,#748,.T.);
#292=ORIENTED_EDGE('',*,*,#737,.F.);
#293=ORIENTED_EDGE('',*,*,#745,.F.);
#294=ORIENTED_EDGE('',*,*,#751,.F.);
#295=ORIENTED_EDGE('',*,*,#752,.F.);
#296=ORIENTED_EDGE('',*,*,#738,.F.);
#297=ORIENTED_EDGE('',*,*,#752,.T.);
#298=ORIENTED_EDGE('',*,*,#753,.F.);
#299=ORIENTED_EDGE('',*,*,#742,.F.);
#300=ORIENTED_EDGE('',*,*,#749,.T.);
#301=ORIENTED_EDGE('',*,*,#750,.T.);
#302=ORIENTED_EDGE('',*,*,#743,.T.);
#303=ORIENTED_EDGE('',*,*,#753,.T.);
#304=ORIENTED_EDGE('',*,*,#751,.T.);
#305=ORIENTED_EDGE('',*,*,#747,.F.);
#306=ORIENTED_EDGE('',*,*,#733,.F.);
#307=ORIENTED_EDGE('',*,*,#754,.T.);
#308=ORIENTED_EDGE('',*,*,#755,.F.);
#309=ORIENTED_EDGE('',*,*,#756,.T.);
#310=ORIENTED_EDGE('',*,*,#757,.T.);
#311=ORIENTED_EDGE('',*,*,#730,.T.);
#312=ORIENTED_EDGE('',*,*,#758,.T.);
#313=ORIENTED_EDGE('',*,*,#759,.T.);
#314=ORIENTED_EDGE('',*,*,#729,.F.);
#315=ORIENTED_EDGE('',*,*,#760,.F.);
#316=ORIENTED_EDGE('',*,*,#761,.F.);
#317=ORIENTED_EDGE('',*,*,#758,.F.);
#318=ORIENTED_EDGE('',*,*,#728,.F.);
#319=ORIENTED_EDGE('',*,*,#756,.F.);
#320=ORIENTED_EDGE('',*,*,#762,.F.);
#321=ORIENTED_EDGE('',*,*,#760,.T.);
#322=ORIENTED_EDGE('',*,*,#731,.F.);
#323=ORIENTED_EDGE('',*,*,#757,.F.);
#324=ORIENTED_EDGE('',*,*,#763,.F.);
#325=ORIENTED_EDGE('',*,*,#764,.F.);
#326=ORIENTED_EDGE('',*,*,#732,.F.);
#327=ORIENTED_EDGE('',*,*,#764,.T.);
#328=ORIENTED_EDGE('',*,*,#765,.F.);
#329=ORIENTED_EDGE('',*,*,#754,.F.);
#330=ORIENTED_EDGE('',*,*,#761,.T.);
#331=ORIENTED_EDGE('',*,*,#762,.T.);
#332=ORIENTED_EDGE('',*,*,#755,.T.);
#333=ORIENTED_EDGE('',*,*,#765,.T.);
#334=ORIENTED_EDGE('',*,*,#763,.T.);
#335=ORIENTED_EDGE('',*,*,#759,.F.);
#336=ORIENTED_EDGE('',*,*,#727,.F.);
#337=ORIENTED_EDGE('',*,*,#766,.T.);
#338=ORIENTED_EDGE('',*,*,#767,.F.);
#339=ORIENTED_EDGE('',*,*,#768,.T.);
#340=ORIENTED_EDGE('',*,*,#769,.T.);
#341=ORIENTED_EDGE('',*,*,#724,.T.);
#342=ORIENTED_EDGE('',*,*,#770,.T.);
#343=ORIENTED_EDGE('',*,*,#771,.T.);
#344=ORIENTED_EDGE('',*,*,#723,.F.);
#345=ORIENTED_EDGE('',*,*,#772,.F.);
#346=ORIENTED_EDGE('',*,*,#773,.F.);
#347=ORIENTED_EDGE('',*,*,#770,.F.);
#348=ORIENTED_EDGE('',*,*,#722,.F.);
#349=ORIENTED_EDGE('',*,*,#768,.F.);
#350=ORIENTED_EDGE('',*,*,#774,.F.);
#351=ORIENTED_EDGE('',*,*,#772,.T.);
#352=ORIENTED_EDGE('',*,*,#725,.F.);
#353=ORIENTED_EDGE('',*,*,#769,.F.);
#354=ORIENTED_EDGE('',*,*,#775,.F.);
#355=ORIENTED_EDGE('',*,*,#776,.F.);
#356=ORIENTED_EDGE('',*,*,#726,.F.);
#357=ORIENTED_EDGE('',*,*,#776,.T.);
#358=ORIENTED_EDGE('',*,*,#777,.F.);
#359=ORIENTED_EDGE('',*,*,#766,.F.);
#360=ORIENTED_EDGE('',*,*,#773,.T.);
#361=ORIENTED_EDGE('',*,*,#774,.T.);
#362=ORIENTED_EDGE('',*,*,#767,.T.);
#363=ORIENTED_EDGE('',*,*,#777,.T.);
#364=ORIENTED_EDGE('',*,*,#775,.T.);
#365=ORIENTED_EDGE('',*,*,#771,.F.);
#366=ORIENTED_EDGE('',*,*,#721,.F.);
#367=ORIENTED_EDGE('',*,*,#778,.T.);
#368=ORIENTED_EDGE('',*,*,#779,.F.);
#369=ORIENTED_EDGE('',*,*,#780,.T.);
#370=ORIENTED_EDGE('',*,*,#781,.T.);
#371=ORIENTED_EDGE('',*,*,#718,.T.);
#372=ORIENTED_EDGE('',*,*,#782,.T.);
#373=ORIENTED_EDGE('',*,*,#783,.T.);
#374=ORIENTED_EDGE('',*,*,#717,.F.);
#375=ORIENTED_EDGE('',*,*,#784,.F.);
#376=ORIENTED_EDGE('',*,*,#785,.F.);
#377=ORIENTED_EDGE('',*,*,#782,.F.);
#378=ORIENTED_EDGE('',*,*,#716,.F.);
#379=ORIENTED_EDGE('',*,*,#780,.F.);
#380=ORIENTED_EDGE('',*,*,#786,.F.);
#381=ORIENTED_EDGE('',*,*,#784,.T.);
#382=ORIENTED_EDGE('',*,*,#719,.F.);
#383=ORIENTED_EDGE('',*,*,#781,.F.);
#384=ORIENTED_EDGE('',*,*,#787,.F.);
#385=ORIENTED_EDGE('',*,*,#788,.F.);
#386=ORIENTED_EDGE('',*,*,#720,.F.);
#387=ORIENTED_EDGE('',*,*,#788,.T.);
#388=ORIENTED_EDGE('',*,*,#789,.F.);
#389=ORIENTED_EDGE('',*,*,#778,.F.);
#390=ORIENTED_EDGE('',*,*,#785,.T.);
#391=ORIENTED_EDGE('',*,*,#786,.T.);
#392=ORIENTED_EDGE('',*,*,#779,.T.);
#393=ORIENTED_EDGE('',*,*,#789,.T.);
#394=ORIENTED_EDGE('',*,*,#787,.T.);
#395=ORIENTED_EDGE('',*,*,#783,.F.);
#396=ORIENTED_EDGE('',*,*,#715,.F.);
#397=ORIENTED_EDGE('',*,*,#790,.T.);
#398=ORIENTED_EDGE('',*,*,#791,.F.);
#399=ORIENTED_EDGE('',*,*,#792,.T.);
#400=ORIENTED_EDGE('',*,*,#793,.T.);
#401=ORIENTED_EDGE('',*,*,#712,.T.);
#402=ORIENTED_EDGE('',*,*,#794,.T.);
#403=ORIENTED_EDGE('',*,*,#795,.T.);
#404=ORIENTED_EDGE('',*,*,#711,.F.);
#405=ORIENTED_EDGE('',*,*,#796,.F.);
#406=ORIENTED_EDGE('',*,*,#797,.F.);
#407=ORIENTED_EDGE('',*,*,#794,.F.);
#408=ORIENTED_EDGE('',*,*,#710,.F.);
#409=ORIENTED_EDGE('',*,*,#792,.F.);
#410=ORIENTED_EDGE('',*,*,#798,.F.);
#411=ORIENTED_EDGE('',*,*,#796,.T.);
#412=ORIENTED_EDGE('',*,*,#713,.F.);
#413=ORIENTED_EDGE('',*,*,#793,.F.);
#414=ORIENTED_EDGE('',*,*,#799,.F.);
#415=ORIENTED_EDGE('',*,*,#800,.F.);
#416=ORIENTED_EDGE('',*,*,#714,.F.);
#417=ORIENTED_EDGE('',*,*,#800,.T.);
#418=ORIENTED_EDGE('',*,*,#801,.F.);
#419=ORIENTED_EDGE('',*,*,#790,.F.);
#420=ORIENTED_EDGE('',*,*,#797,.T.);
#421=ORIENTED_EDGE('',*,*,#798,.T.);
#422=ORIENTED_EDGE('',*,*,#791,.T.);
#423=ORIENTED_EDGE('',*,*,#801,.T.);
#424=ORIENTED_EDGE('',*,*,#799,.T.);
#425=ORIENTED_EDGE('',*,*,#795,.F.);
#426=ORIENTED_EDGE('',*,*,#709,.F.);
#427=ORIENTED_EDGE('',*,*,#802,.T.);
#428=ORIENTED_EDGE('',*,*,#803,.F.);
#429=ORIENTED_EDGE('',*,*,#804,.T.);
#430=ORIENTED_EDGE('',*,*,#805,.T.);
#431=ORIENTED_EDGE('',*,*,#706,.T.);
#432=ORIENTED_EDGE('',*,*,#806,.T.);
#433=ORIENTED_EDGE('',*,*,#807,.T.);
#434=ORIENTED_EDGE('',*,*,#705,.F.);
#435=ORIENTED_EDGE('',*,*,#808,.F.);
#436=ORIENTED_EDGE('',*,*,#809,.F.);
#437=ORIENTED_EDGE('',*,*,#806,.F.);
#438=ORIENTED_EDGE('',*,*,#704,.F.);
#439=ORIENTED_EDGE('',*,*,#804,.F.);
#440=ORIENTED_EDGE('',*,*,#810,.F.);
#441=ORIENTED_EDGE('',*,*,#808,.T.);
#442=ORIENTED_EDGE('',*,*,#707,.F.);
#443=ORIENTED_EDGE('',*,*,#805,.F.);
#444=ORIENTED_EDGE('',*,*,#811,.F.);
#445=ORIENTED_EDGE('',*,*,#812,.F.);
#446=ORIENTED_EDGE('',*,*,#708,.F.);
#447=ORIENTED_EDGE('',*,*,#812,.T.);
#448=ORIENTED_EDGE('',*,*,#813,.F.);
#449=ORIENTED_EDGE('',*,*,#802,.F.);
#450=ORIENTED_EDGE('',*,*,#809,.T.);
#451=ORIENTED_EDGE('',*,*,#810,.T.);
#452=ORIENTED_EDGE('',*,*,#803,.T.);
#453=ORIENTED_EDGE('',*,*,#813,.T.);
#454=ORIENTED_EDGE('',*,*,#811,.T.);
#455=ORIENTED_EDGE('',*,*,#807,.F.);
#456=ORIENTED_EDGE('',*,*,#703,.F.);
#457=ORIENTED_EDGE('',*,*,#814,.T.);
#458=ORIENTED_EDGE('',*,*,#815,.F.);
#459=ORIENTED_EDGE('',*,*,#816,.T.);
#460=ORIENTED_EDGE('',*,*,#817,.T.);
#461=ORIENTED_EDGE('',*,*,#700,.T.);
#462=ORIENTED_EDGE('',*,*,#818,.T.);
#463=ORIENTED_EDGE('',*,*,#819,.T.);
#464=ORIENTED_EDGE('',*,*,#699,.F.);
#465=ORIENTED_EDGE('',*,*,#820,.F.);
#466=ORIENTED_EDGE('',*,*,#821,.F.);
#467=ORIENTED_EDGE('',*,*,#818,.F.);
#468=ORIENTED_EDGE('',*,*,#698,.F.);
#469=ORIENTED_EDGE('',*,*,#816,.F.);
#470=ORIENTED_EDGE('',*,*,#822,.F.);
#471=ORIENTED_EDGE('',*,*,#820,.T.);
#472=ORIENTED_EDGE('',*,*,#701,.F.);
#473=ORIENTED_EDGE('',*,*,#817,.F.);
#474=ORIENTED_EDGE('',*,*,#823,.F.);
#475=ORIENTED_EDGE('',*,*,#824,.F.);
#476=ORIENTED_EDGE('',*,*,#702,.F.);
#477=ORIENTED_EDGE('',*,*,#824,.T.);
#478=ORIENTED_EDGE('',*,*,#825,.F.);
#479=ORIENTED_EDGE('',*,*,#814,.F.);
#480=ORIENTED_EDGE('',*,*,#821,.T.);
#481=ORIENTED_EDGE('',*,*,#822,.T.);
#482=ORIENTED_EDGE('',*,*,#815,.T.);
#483=ORIENTED_EDGE('',*,*,#825,.T.);
#484=ORIENTED_EDGE('',*,*,#823,.T.);
#485=ORIENTED_EDGE('',*,*,#819,.F.);
#486=ORIENTED_EDGE('',*,*,#697,.F.);
#487=ORIENTED_EDGE('',*,*,#826,.T.);
#488=ORIENTED_EDGE('',*,*,#827,.F.);
#489=ORIENTED_EDGE('',*,*,#828,.T.);
#490=ORIENTED_EDGE('',*,*,#829,.T.);
#491=ORIENTED_EDGE('',*,*,#694,.T.);
#492=ORIENTED_EDGE('',*,*,#830,.T.);
#493=ORIENTED_EDGE('',*,*,#831,.T.);
#494=ORIENTED_EDGE('',*,*,#693,.F.);
#495=ORIENTED_EDGE('',*,*,#832,.F.);
#496=ORIENTED_EDGE('',*,*,#833,.F.);
#497=ORIENTED_EDGE('',*,*,#830,.F.);
#498=ORIENTED_EDGE('',*,*,#692,.F.);
#499=ORIENTED_EDGE('',*,*,#828,.F.);
#500=ORIENTED_EDGE('',*,*,#834,.F.);
#501=ORIENTED_EDGE('',*,*,#832,.T.);
#502=ORIENTED_EDGE('',*,*,#695,.F.);
#503=ORIENTED_EDGE('',*,*,#829,.F.);
#504=ORIENTED_EDGE('',*,*,#835,.F.);
#505=ORIENTED_EDGE('',*,*,#836,.F.);
#506=ORIENTED_EDGE('',*,*,#696,.F.);
#507=ORIENTED_EDGE('',*,*,#836,.T.);
#508=ORIENTED_EDGE('',*,*,#837,.F.);
#509=ORIENTED_EDGE('',*,*,#826,.F.);
#510=ORIENTED_EDGE('',*,*,#833,.T.);
#511=ORIENTED_EDGE('',*,*,#834,.T.);
#512=ORIENTED_EDGE('',*,*,#827,.T.);
#513=ORIENTED_EDGE('',*,*,#837,.T.);
#514=ORIENTED_EDGE('',*,*,#835,.T.);
#515=ORIENTED_EDGE('',*,*,#831,.F.);
#516=ORIENTED_EDGE('',*,*,#691,.F.);
#517=ORIENTED_EDGE('',*,*,#838,.T.);
#518=ORIENTED_EDGE('',*,*,#839,.F.);
#519=ORIENTED_EDGE('',*,*,#840,.T.);
#520=ORIENTED_EDGE('',*,*,#841,.T.);
#521=ORIENTED_EDGE('',*,*,#688,.T.);
#522=ORIENTED_EDGE('',*,*,#842,.T.);
#523=ORIENTED_EDGE('',*,*,#843,.T.);
#524=ORIENTED_EDGE('',*,*,#687,.F.);
#525=ORIENTED_EDGE('',*,*,#844,.F.);
#526=ORIENTED_EDGE('',*,*,#845,.F.);
#527=ORIENTED_EDGE('',*,*,#842,.F.);
#528=ORIENTED_EDGE('',*,*,#686,.F.);
#529=ORIENTED_EDGE('',*,*,#840,.F.);
#530=ORIENTED_EDGE('',*,*,#846,.F.);
#531=ORIENTED_EDGE('',*,*,#844,.T.);
#532=ORIENTED_EDGE('',*,*,#689,.F.);
#533=ORIENTED_EDGE('',*,*,#841,.F.);
#534=ORIENTED_EDGE('',*,*,#847,.F.);
#535=ORIENTED_EDGE('',*,*,#848,.F.);
#536=ORIENTED_EDGE('',*,*,#690,.F.);
#537=ORIENTED_EDGE('',*,*,#848,.T.);
#538=ORIENTED_EDGE('',*,*,#849,.F.);
#539=ORIENTED_EDGE('',*,*,#838,.F.);
#540=ORIENTED_EDGE('',*,*,#845,.T.);
#541=ORIENTED_EDGE('',*,*,#846,.T.);
#542=ORIENTED_EDGE('',*,*,#839,.T.);
#543=ORIENTED_EDGE('',*,*,#849,.T.);
#544=ORIENTED_EDGE('',*,*,#847,.T.);
#545=ORIENTED_EDGE('',*,*,#843,.F.);
#546=ORIENTED_EDGE('',*,*,#685,.F.);
#547=ORIENTED_EDGE('',*,*,#850,.T.);
#548=ORIENTED_EDGE('',*,*,#851,.F.);
#549=ORIENTED_EDGE('',*,*,#852,.T.);
#550=ORIENTED_EDGE('',*,*,#853,.T.);
#551=ORIENTED_EDGE('',*,*,#682,.T.);
#552=ORIENTED_EDGE('',*,*,#854,.T.);
#553=ORIENTED_EDGE('',*,*,#855,.T.);
#554=ORIENTED_EDGE('',*,*,#681,.F.);
#555=ORIENTED_EDGE('',*,*,#856,.F.);
#556=ORIENTED_EDGE('',*,*,#857,.F.);
#557=ORIENTED_EDGE('',*,*,#854,.F.);
#558=ORIENTED_EDGE('',*,*,#680,.F.);
#559=ORIENTED_EDGE('',*,*,#852,.F.);
#560=ORIENTED_EDGE('',*,*,#858,.F.);
#561=ORIENTED_EDGE('',*,*,#856,.T.);
#562=ORIENTED_EDGE('',*,*,#683,.F.);
#563=ORIENTED_EDGE('',*,*,#853,.F.);
#564=ORIENTED_EDGE('',*,*,#859,.F.);
#565=ORIENTED_EDGE('',*,*,#860,.F.);
#566=ORIENTED_EDGE('',*,*,#684,.F.);
#567=ORIENTED_EDGE('',*,*,#860,.T.);
#568=ORIENTED_EDGE('',*,*,#861,.F.);
#569=ORIENTED_EDGE('',*,*,#850,.F.);
#570=ORIENTED_EDGE('',*,*,#857,.T.);
#571=ORIENTED_EDGE('',*,*,#858,.T.);
#572=ORIENTED_EDGE('',*,*,#851,.T.);
#573=ORIENTED_EDGE('',*,*,#861,.T.);
#574=ORIENTED_EDGE('',*,*,#859,.T.);
#575=ORIENTED_EDGE('',*,*,#855,.F.);
#576=ORIENTED_EDGE('',*,*,#679,.F.);
#577=ORIENTED_EDGE('',*,*,#862,.T.);
#578=ORIENTED_EDGE('',*,*,#863,.F.);
#579=ORIENTED_EDGE('',*,*,#864,.T.);
#580=ORIENTED_EDGE('',*,*,#865,.T.);
#581=ORIENTED_EDGE('',*,*,#676,.T.);
#582=ORIENTED_EDGE('',*,*,#866,.T.);
#583=ORIENTED_EDGE('',*,*,#867,.T.);
#584=ORIENTED_EDGE('',*,*,#675,.F.);
#585=ORIENTED_EDGE('',*,*,#868,.F.);
#586=ORIENTED_EDGE('',*,*,#869,.F.);
#587=ORIENTED_EDGE('',*,*,#866,.F.);
#588=ORIENTED_EDGE('',*,*,#674,.F.);
#589=ORIENTED_EDGE('',*,*,#864,.F.);
#590=ORIENTED_EDGE('',*,*,#870,.F.);
#591=ORIENTED_EDGE('',*,*,#868,.T.);
#592=ORIENTED_EDGE('',*,*,#677,.F.);
#593=ORIENTED_EDGE('',*,*,#865,.F.);
#594=ORIENTED_EDGE('',*,*,#871,.F.);
#595=ORIENTED_EDGE('',*,*,#872,.F.);
#596=ORIENTED_EDGE('',*,*,#678,.F.);
#597=ORIENTED_EDGE('',*,*,#872,.T.);
#598=ORIENTED_EDGE('',*,*,#873,.F.);
#599=ORIENTED_EDGE('',*,*,#862,.F.);
#600=ORIENTED_EDGE('',*,*,#869,.T.);
#601=ORIENTED_EDGE('',*,*,#870,.T.);
#602=ORIENTED_EDGE('',*,*,#863,.T.);
#603=ORIENTED_EDGE('',*,*,#873,.T.);
#604=ORIENTED_EDGE('',*,*,#871,.T.);
#605=ORIENTED_EDGE('',*,*,#867,.F.);
#606=ORIENTED_EDGE('',*,*,#874,.F.);
#607=ORIENTED_EDGE('',*,*,#875,.T.);
#608=ORIENTED_EDGE('',*,*,#876,.T.);
#609=ORIENTED_EDGE('',*,*,#877,.T.);
#610=ORIENTED_EDGE('',*,*,#878,.F.);
#611=ORIENTED_EDGE('',*,*,#879,.T.);
#612=ORIENTED_EDGE('',*,*,#880,.T.);
#613=ORIENTED_EDGE('',*,*,#881,.T.);
#614=ORIENTED_EDGE('',*,*,#882,.F.);
#615=ORIENTED_EDGE('',*,*,#883,.T.);
#616=ORIENTED_EDGE('',*,*,#884,.T.);
#617=ORIENTED_EDGE('',*,*,#885,.T.);
#618=ORIENTED_EDGE('',*,*,#886,.T.);
#619=ORIENTED_EDGE('',*,*,#887,.F.);
#620=ORIENTED_EDGE('',*,*,#888,.T.);
#621=ORIENTED_EDGE('',*,*,#889,.F.);
#622=ORIENTED_EDGE('',*,*,#890,.F.);
#623=ORIENTED_EDGE('',*,*,#891,.T.);
#624=ORIENTED_EDGE('',*,*,#892,.T.);
#625=ORIENTED_EDGE('',*,*,#893,.F.);
#626=ORIENTED_EDGE('',*,*,#894,.F.);
#627=ORIENTED_EDGE('',*,*,#895,.T.);
#628=ORIENTED_EDGE('',*,*,#896,.T.);
#629=ORIENTED_EDGE('',*,*,#897,.T.);
#630=ORIENTED_EDGE('',*,*,#898,.F.);
#631=ORIENTED_EDGE('',*,*,#899,.T.);
#632=ORIENTED_EDGE('',*,*,#894,.T.);
#633=ORIENTED_EDGE('',*,*,#892,.F.);
#634=ORIENTED_EDGE('',*,*,#890,.T.);
#635=ORIENTED_EDGE('',*,*,#888,.F.);
#636=ORIENTED_EDGE('',*,*,#886,.F.);
#637=ORIENTED_EDGE('',*,*,#876,.F.);
#638=ORIENTED_EDGE('',*,*,#900,.T.);
#639=ORIENTED_EDGE('',*,*,#878,.T.);
#640=ORIENTED_EDGE('',*,*,#901,.T.);
#641=ORIENTED_EDGE('',*,*,#882,.T.);
#642=ORIENTED_EDGE('',*,*,#902,.T.);
#643=ORIENTED_EDGE('',*,*,#896,.F.);
#644=ORIENTED_EDGE('',*,*,#903,.T.);
#645=ORIENTED_EDGE('',*,*,#895,.F.);
#646=ORIENTED_EDGE('',*,*,#893,.T.);
#647=ORIENTED_EDGE('',*,*,#891,.F.);
#648=ORIENTED_EDGE('',*,*,#889,.T.);
#649=ORIENTED_EDGE('',*,*,#887,.T.);
#650=ORIENTED_EDGE('',*,*,#880,.F.);
#651=ORIENTED_EDGE('',*,*,#904,.T.);
#652=ORIENTED_EDGE('',*,*,#874,.T.);
#653=ORIENTED_EDGE('',*,*,#905,.T.);
#654=ORIENTED_EDGE('',*,*,#898,.T.);
#655=ORIENTED_EDGE('',*,*,#906,.T.);
#656=ORIENTED_EDGE('',*,*,#884,.F.);
#657=ORIENTED_EDGE('',*,*,#907,.T.);
#658=ORIENTED_EDGE('',*,*,#900,.F.);
#659=ORIENTED_EDGE('',*,*,#875,.F.);
#660=ORIENTED_EDGE('',*,*,#904,.F.);
#661=ORIENTED_EDGE('',*,*,#879,.F.);
#662=ORIENTED_EDGE('',*,*,#901,.F.);
#663=ORIENTED_EDGE('',*,*,#881,.F.);
#664=ORIENTED_EDGE('',*,*,#907,.F.);
#665=ORIENTED_EDGE('',*,*,#883,.F.);
#666=ORIENTED_EDGE('',*,*,#902,.F.);
#667=ORIENTED_EDGE('',*,*,#885,.F.);
#668=ORIENTED_EDGE('',*,*,#906,.F.);
#669=ORIENTED_EDGE('',*,*,#897,.F.);
#670=ORIENTED_EDGE('',*,*,#903,.F.);
#671=ORIENTED_EDGE('',*,*,#899,.F.);
#672=ORIENTED_EDGE('',*,*,#905,.F.);
#673=ORIENTED_EDGE('',*,*,#877,.F.);
#674=EDGE_CURVE('',#908,#909,#1068,.T.);
#675=EDGE_CURVE('',#909,#910,#1069,.T.);
#676=EDGE_CURVE('',#911,#910,#1070,.T.);
#677=EDGE_CURVE('',#911,#912,#1071,.T.);
#678=EDGE_CURVE('',#912,#913,#1072,.T.);
#679=EDGE_CURVE('',#913,#908,#1073,.T.);
#680=EDGE_CURVE('',#914,#915,#1074,.T.);
#681=EDGE_CURVE('',#915,#916,#1075,.T.);
#682=EDGE_CURVE('',#917,#916,#1076,.T.);
#683=EDGE_CURVE('',#917,#918,#1077,.T.);
#684=EDGE_CURVE('',#918,#919,#1078,.T.);
#685=EDGE_CURVE('',#919,#914,#1079,.T.);
#686=EDGE_CURVE('',#920,#921,#1080,.T.);
#687=EDGE_CURVE('',#921,#922,#1081,.T.);
#688=EDGE_CURVE('',#923,#922,#1082,.T.);
#689=EDGE_CURVE('',#923,#924,#1083,.T.);
#690=EDGE_CURVE('',#924,#925,#1084,.T.);
#691=EDGE_CURVE('',#925,#920,#1085,.T.);
#692=EDGE_CURVE('',#926,#927,#1086,.T.);
#693=EDGE_CURVE('',#927,#928,#1087,.T.);
#694=EDGE_CURVE('',#929,#928,#1088,.T.);
#695=EDGE_CURVE('',#929,#930,#1089,.T.);
#696=EDGE_CURVE('',#930,#931,#1090,.T.);
#697=EDGE_CURVE('',#931,#926,#1091,.T.);
#698=EDGE_CURVE('',#932,#933,#1092,.T.);
#699=EDGE_CURVE('',#933,#934,#1093,.T.);
#700=EDGE_CURVE('',#935,#934,#1094,.T.);
#701=EDGE_CURVE('',#935,#936,#1095,.T.);
#702=EDGE_CURVE('',#936,#937,#1096,.T.);
#703=EDGE_CURVE('',#937,#932,#1097,.T.);
#704=EDGE_CURVE('',#938,#939,#1098,.T.);
#705=EDGE_CURVE('',#939,#940,#1099,.T.);
#706=EDGE_CURVE('',#941,#940,#1100,.T.);
#707=EDGE_CURVE('',#941,#942,#1101,.T.);
#708=EDGE_CURVE('',#942,#943,#1102,.T.);
#709=EDGE_CURVE('',#943,#938,#1103,.T.);
#710=EDGE_CURVE('',#944,#945,#1104,.T.);
#711=EDGE_CURVE('',#945,#946,#1105,.T.);
#712=EDGE_CURVE('',#947,#946,#1106,.T.);
#713=EDGE_CURVE('',#947,#948,#1107,.T.);
#714=EDGE_CURVE('',#948,#949,#1108,.T.);
#715=EDGE_CURVE('',#949,#944,#1109,.T.);
#716=EDGE_CURVE('',#950,#951,#1110,.T.);
#717=EDGE_CURVE('',#951,#952,#1111,.T.);
#718=EDGE_CURVE('',#953,#952,#1112,.T.);
#719=EDGE_CURVE('',#953,#954,#1113,.T.);
#720=EDGE_CURVE('',#954,#955,#1114,.T.);
#721=EDGE_CURVE('',#955,#950,#1115,.T.);
#722=EDGE_CURVE('',#956,#957,#1116,.T.);
#723=EDGE_CURVE('',#957,#958,#1117,.T.);
#724=EDGE_CURVE('',#959,#958,#1118,.T.);
#725=EDGE_CURVE('',#959,#960,#1119,.T.);
#726=EDGE_CURVE('',#960,#961,#1120,.T.);
#727=EDGE_CURVE('',#961,#956,#1121,.T.);
#728=EDGE_CURVE('',#962,#963,#1122,.T.);
#729=EDGE_CURVE('',#963,#964,#1123,.T.);
#730=EDGE_CURVE('',#965,#964,#1124,.T.);
#731=EDGE_CURVE('',#965,#966,#1125,.T.);
#732=EDGE_CURVE('',#966,#967,#1126,.T.);
#733=EDGE_CURVE('',#967,#962,#1127,.T.);
#734=EDGE_CURVE('',#968,#969,#1128,.T.);
#735=EDGE_CURVE('',#969,#970,#1129,.T.);
#736=EDGE_CURVE('',#971,#970,#1130,.T.);
#737=EDGE_CURVE('',#971,#972,#1131,.T.);
#738=EDGE_CURVE('',#972,#973,#1132,.T.);
#739=EDGE_CURVE('',#973,#968,#1133,.T.);
#740=EDGE_CURVE('',#974,#974,#120,.T.);
#741=EDGE_CURVE('',#975,#975,#121,.T.);
#742=EDGE_CURVE('',#973,#976,#122,.T.);
#743=EDGE_CURVE('',#977,#976,#1134,.T.);
#744=EDGE_CURVE('',#977,#968,#123,.F.);
#745=EDGE_CURVE('',#978,#971,#124,.T.);
#746=EDGE_CURVE('',#970,#979,#125,.F.);
#747=EDGE_CURVE('',#979,#978,#1135,.F.);
#748=EDGE_CURVE('',#980,#969,#126,.T.);
#749=EDGE_CURVE('',#979,#980,#1136,.T.);
#750=EDGE_CURVE('',#980,#977,#1137,.T.);
#751=EDGE_CURVE('',#981,#978,#1138,.T.);
#752=EDGE_CURVE('',#972,#981,#127,.T.);
#753=EDGE_CURVE('',#976,#981,#1139,.T.);
#754=EDGE_CURVE('',#967,#982,#128,.T.);
#755=EDGE_CURVE('',#983,#982,#1140,.T.);
#756=EDGE_CURVE('',#983,#962,#129,.F.);
#757=EDGE_CURVE('',#984,#965,#130,.T.);
#758=EDGE_CURVE('',#964,#985,#131,.F.);
#759=EDGE_CURVE('',#985,#984,#1141,.F.);
#760=EDGE_CURVE('',#986,#963,#132,.T.);
#761=EDGE_CURVE('',#985,#986,#1142,.T.);
#762=EDGE_CURVE('',#986,#983,#1143,.T.);
#763=EDGE_CURVE('',#987,#984,#1144,.T.);
#764=EDGE_CURVE('',#966,#987,#133,.T.);
#765=EDGE_CURVE('',#982,#987,#1145,.T.);
#766=EDGE_CURVE('',#961,#988,#134,.T.);
#767=EDGE_CURVE('',#989,#988,#1146,.T.);
#768=EDGE_CURVE('',#989,#956,#135,.F.);
#769=EDGE_CURVE('',#990,#959,#136,.T.);
#770=EDGE_CURVE('',#958,#991,#137,.F.);
#771=EDGE_CURVE('',#991,#990,#1147,.F.);
#772=EDGE_CURVE('',#992,#957,#138,.T.);
#773=EDGE_CURVE('',#991,#992,#1148,.T.);
#774=EDGE_CURVE('',#992,#989,#1149,.T.);
#775=EDGE_CURVE('',#993,#990,#1150,.T.);
#776=EDGE_CURVE('',#960,#993,#139,.T.);
#777=EDGE_CURVE('',#988,#993,#1151,.T.);
#778=EDGE_CURVE('',#955,#994,#140,.T.);
#779=EDGE_CURVE('',#995,#994,#1152,.T.);
#780=EDGE_CURVE('',#995,#950,#141,.F.);
#781=EDGE_CURVE('',#996,#953,#142,.T.);
#782=EDGE_CURVE('',#952,#997,#143,.F.);
#783=EDGE_CURVE('',#997,#996,#1153,.F.);
#784=EDGE_CURVE('',#998,#951,#144,.T.);
#785=EDGE_CURVE('',#997,#998,#1154,.T.);
#786=EDGE_CURVE('',#998,#995,#1155,.T.);
#787=EDGE_CURVE('',#999,#996,#1156,.T.);
#788=EDGE_CURVE('',#954,#999,#145,.T.);
#789=EDGE_CURVE('',#994,#999,#1157,.T.);
#790=EDGE_CURVE('',#949,#1000,#146,.T.);
#791=EDGE_CURVE('',#1001,#1000,#1158,.T.);
#792=EDGE_CURVE('',#1001,#944,#147,.F.);
#793=EDGE_CURVE('',#1002,#947,#148,.T.);
#794=EDGE_CURVE('',#946,#1003,#149,.F.);
#795=EDGE_CURVE('',#1003,#1002,#1159,.F.);
#796=EDGE_CURVE('',#1004,#945,#150,.T.);
#797=EDGE_CURVE('',#1003,#1004,#1160,.T.);
#798=EDGE_CURVE('',#1004,#1001,#1161,.T.);
#799=EDGE_CURVE('',#1005,#1002,#1162,.T.);
#800=EDGE_CURVE('',#948,#1005,#151,.T.);
#801=EDGE_CURVE('',#1000,#1005,#1163,.T.);
#802=EDGE_CURVE('',#943,#1006,#152,.T.);
#803=EDGE_CURVE('',#1007,#1006,#1164,.T.);
#804=EDGE_CURVE('',#1007,#938,#153,.F.);
#805=EDGE_CURVE('',#1008,#941,#154,.T.);
#806=EDGE_CURVE('',#940,#1009,#155,.F.);
#807=EDGE_CURVE('',#1009,#1008,#1165,.F.);
#808=EDGE_CURVE('',#1010,#939,#156,.T.);
#809=EDGE_CURVE('',#1009,#1010,#1166,.T.);
#810=EDGE_CURVE('',#1010,#1007,#1167,.T.);
#811=EDGE_CURVE('',#1011,#1008,#1168,.T.);
#812=EDGE_CURVE('',#942,#1011,#157,.T.);
#813=EDGE_CURVE('',#1006,#1011,#1169,.T.);
#814=EDGE_CURVE('',#937,#1012,#158,.T.);
#815=EDGE_CURVE('',#1013,#1012,#1170,.T.);
#816=EDGE_CURVE('',#1013,#932,#159,.F.);
#817=EDGE_CURVE('',#1014,#935,#160,.T.);
#818=EDGE_CURVE('',#934,#1015,#161,.F.);
#819=EDGE_CURVE('',#1015,#1014,#1171,.F.);
#820=EDGE_CURVE('',#1016,#933,#162,.T.);
#821=EDGE_CURVE('',#1015,#1016,#1172,.T.);
#822=EDGE_CURVE('',#1016,#1013,#1173,.T.);
#823=EDGE_CURVE('',#1017,#1014,#1174,.T.);
#824=EDGE_CURVE('',#936,#1017,#163,.T.);
#825=EDGE_CURVE('',#1012,#1017,#1175,.T.);
#826=EDGE_CURVE('',#931,#1018,#164,.T.);
#827=EDGE_CURVE('',#1019,#1018,#1176,.T.);
#828=EDGE_CURVE('',#1019,#926,#165,.F.);
#829=EDGE_CURVE('',#1020,#929,#166,.T.);
#830=EDGE_CURVE('',#928,#1021,#167,.F.);
#831=EDGE_CURVE('',#1021,#1020,#1177,.F.);
#832=EDGE_CURVE('',#1022,#927,#168,.T.);
#833=EDGE_CURVE('',#1021,#1022,#1178,.T.);
#834=EDGE_CURVE('',#1022,#1019,#1179,.T.);
#835=EDGE_CURVE('',#1023,#1020,#1180,.T.);
#836=EDGE_CURVE('',#930,#1023,#169,.T.);
#837=EDGE_CURVE('',#1018,#1023,#1181,.T.);
#838=EDGE_CURVE('',#925,#1024,#170,.T.);
#839=EDGE_CURVE('',#1025,#1024,#1182,.T.);
#840=EDGE_CURVE('',#1025,#920,#171,.F.);
#841=EDGE_CURVE('',#1026,#923,#172,.T.);
#842=EDGE_CURVE('',#922,#1027,#173,.F.);
#843=EDGE_CURVE('',#1027,#1026,#1183,.F.);
#844=EDGE_CURVE('',#1028,#921,#174,.T.);
#845=EDGE_CURVE('',#1027,#1028,#1184,.T.);
#846=EDGE_CURVE('',#1028,#1025,#1185,.T.);
#847=EDGE_CURVE('',#1029,#1026,#1186,.T.);
#848=EDGE_CURVE('',#924,#1029,#175,.T.);
#849=EDGE_CURVE('',#1024,#1029,#1187,.T.);
#850=EDGE_CURVE('',#919,#1030,#176,.T.);
#851=EDGE_CURVE('',#1031,#1030,#1188,.T.);
#852=EDGE_CURVE('',#1031,#914,#177,.F.);
#853=EDGE_CURVE('',#1032,#917,#178,.T.);
#854=EDGE_CURVE('',#916,#1033,#179,.F.);
#855=EDGE_CURVE('',#1033,#1032,#1189,.F.);
#856=EDGE_CURVE('',#1034,#915,#180,.T.);
#857=EDGE_CURVE('',#1033,#1034,#1190,.T.);
#858=EDGE_CURVE('',#1034,#1031,#1191,.T.);
#859=EDGE_CURVE('',#1035,#1032,#1192,.T.);
#860=EDGE_CURVE('',#918,#1035,#181,.T.);
#861=EDGE_CURVE('',#1030,#1035,#1193,.T.);
#862=EDGE_CURVE('',#913,#1036,#182,.T.);
#863=EDGE_CURVE('',#1037,#1036,#1194,.T.);
#864=EDGE_CURVE('',#1037,#908,#183,.F.);
#865=EDGE_CURVE('',#1038,#911,#184,.T.);
#866=EDGE_CURVE('',#910,#1039,#185,.F.);
#867=EDGE_CURVE('',#1039,#1038,#1195,.F.);
#868=EDGE_CURVE('',#1040,#909,#186,.T.);
#869=EDGE_CURVE('',#1039,#1040,#1196,.T.);
#870=EDGE_CURVE('',#1040,#1037,#1197,.T.);
#871=EDGE_CURVE('',#1041,#1038,#1198,.T.);
#872=EDGE_CURVE('',#912,#1041,#187,.T.);
#873=EDGE_CURVE('',#1036,#1041,#1199,.T.);
#874=EDGE_CURVE('',#1042,#1043,#10,.T.);
#875=EDGE_CURVE('',#1042,#1044,#11,.F.);
#876=EDGE_CURVE('',#1044,#1045,#12,.T.);
#877=EDGE_CURVE('',#1045,#1043,#13,.T.);
#878=EDGE_CURVE('',#1046,#1047,#14,.T.);
#879=EDGE_CURVE('',#1046,#1048,#15,.T.);
#880=EDGE_CURVE('',#1048,#1049,#16,.T.);
#881=EDGE_CURVE('',#1049,#1047,#17,.F.);
#882=EDGE_CURVE('',#1050,#1051,#18,.T.);
#883=EDGE_CURVE('',#1050,#1052,#19,.T.);
#884=EDGE_CURVE('',#1052,#1053,#20,.T.);
#885=EDGE_CURVE('',#1053,#1051,#21,.F.);
#886=EDGE_CURVE('',#1054,#1054,#188,.T.);
#887=EDGE_CURVE('',#1055,#1055,#189,.T.);
#888=EDGE_CURVE('',#1056,#1056,#190,.T.);
#889=EDGE_CURVE('',#1057,#1057,#191,.T.);
#890=EDGE_CURVE('',#1058,#1058,#192,.T.);
#891=EDGE_CURVE('',#1059,#1059,#193,.T.);
#892=EDGE_CURVE('',#1060,#1060,#194,.T.);
#893=EDGE_CURVE('',#1061,#1061,#195,.T.);
#894=EDGE_CURVE('',#1062,#1062,#196,.T.);
#895=EDGE_CURVE('',#1063,#1063,#197,.T.);
#896=EDGE_CURVE('',#1064,#1065,#22,.T.);
#897=EDGE_CURVE('',#1065,#1066,#23,.T.);
#898=EDGE_CURVE('',#1067,#1066,#24,.T.);
#899=EDGE_CURVE('',#1067,#1064,#25,.F.);
#900=EDGE_CURVE('',#1044,#1046,#198,.T.);
#901=EDGE_CURVE('',#1047,#1050,#199,.T.);
#902=EDGE_CURVE('',#1051,#1065,#200,.T.);
#903=EDGE_CURVE('',#1064,#1045,#201,.T.);
#904=EDGE_CURVE('',#1048,#1042,#202,.F.);
#905=EDGE_CURVE('',#1043,#1067,#203,.F.);
#906=EDGE_CURVE('',#1066,#1053,#204,.F.);
#907=EDGE_CURVE('',#1052,#1049,#205,.F.);
#908=VERTEX_POINT('',#2155);
#909=VERTEX_POINT('',#2156);
#910=VERTEX_POINT('',#2162);
#911=VERTEX_POINT('',#2167);
#912=VERTEX_POINT('',#2172);
#913=VERTEX_POINT('',#2177);
#914=VERTEX_POINT('',#2186);
#915=VERTEX_POINT('',#2187);
#916=VERTEX_POINT('',#2193);
#917=VERTEX_POINT('',#2198);
#918=VERTEX_POINT('',#2203);
#919=VERTEX_POINT('',#2208);
#920=VERTEX_POINT('',#2217);
#921=VERTEX_POINT('',#2218);
#922=VERTEX_POINT('',#2224);
#923=VERTEX_POINT('',#2229);
#924=VERTEX_POINT('',#2234);
#925=VERTEX_POINT('',#2239);
#926=VERTEX_POINT('',#2248);
#927=VERTEX_POINT('',#2249);
#928=VERTEX_POINT('',#2255);
#929=VERTEX_POINT('',#2260);
#930=VERTEX_POINT('',#2265);
#931=VERTEX_POINT('',#2270);
#932=VERTEX_POINT('',#2279);
#933=VERTEX_POINT('',#2280);
#934=VERTEX_POINT('',#2286);
#935=VERTEX_POINT('',#2291);
#936=VERTEX_POINT('',#2296);
#937=VERTEX_POINT('',#2301);
#938=VERTEX_POINT('',#2310);
#939=VERTEX_POINT('',#2311);
#940=VERTEX_POINT('',#2317);
#941=VERTEX_POINT('',#2322);
#942=VERTEX_POINT('',#2327);
#943=VERTEX_POINT('',#2332);
#944=VERTEX_POINT('',#2341);
#945=VERTEX_POINT('',#2342);
#946=VERTEX_POINT('',#2348);
#947=VERTEX_POINT('',#2353);
#948=VERTEX_POINT('',#2358);
#949=VERTEX_POINT('',#2363);
#950=VERTEX_POINT('',#2372);
#951=VERTEX_POINT('',#2373);
#952=VERTEX_POINT('',#2379);
#953=VERTEX_POINT('',#2384);
#954=VERTEX_POINT('',#2389);
#955=VERTEX_POINT('',#2394);
#956=VERTEX_POINT('',#2403);
#957=VERTEX_POINT('',#2404);
#958=VERTEX_POINT('',#2410);
#959=VERTEX_POINT('',#2415);
#960=VERTEX_POINT('',#2420);
#961=VERTEX_POINT('',#2425);
#962=VERTEX_POINT('',#2434);
#963=VERTEX_POINT('',#2435);
#964=VERTEX_POINT('',#2441);
#965=VERTEX_POINT('',#2446);
#966=VERTEX_POINT('',#2451);
#967=VERTEX_POINT('',#2456);
#968=VERTEX_POINT('',#2465);
#969=VERTEX_POINT('',#2466);
#970=VERTEX_POINT('',#2472);
#971=VERTEX_POINT('',#2477);
#972=VERTEX_POINT('',#2482);
#973=VERTEX_POINT('',#2487);
#974=VERTEX_POINT('',#2493);
#975=VERTEX_POINT('',#2495);
#976=VERTEX_POINT('',#2500);
#977=VERTEX_POINT('',#2505);
#978=VERTEX_POINT('',#2509);
#979=VERTEX_POINT('',#2511);
#980=VERTEX_POINT('',#2518);
#981=VERTEX_POINT('',#2534);
#982=VERTEX_POINT('',#2545);
#983=VERTEX_POINT('',#2550);
#984=VERTEX_POINT('',#2554);
#985=VERTEX_POINT('',#2556);
#986=VERTEX_POINT('',#2563);
#987=VERTEX_POINT('',#2579);
#988=VERTEX_POINT('',#2590);
#989=VERTEX_POINT('',#2595);
#990=VERTEX_POINT('',#2599);
#991=VERTEX_POINT('',#2601);
#992=VERTEX_POINT('',#2608);
#993=VERTEX_POINT('',#2624);
#994=VERTEX_POINT('',#2635);
#995=VERTEX_POINT('',#2640);
#996=VERTEX_POINT('',#2644);
#997=VERTEX_POINT('',#2646);
#998=VERTEX_POINT('',#2653);
#999=VERTEX_POINT('',#2669);
#1000=VERTEX_POINT('',#2680);
#1001=VERTEX_POINT('',#2685);
#1002=VERTEX_POINT('',#2689);
#1003=VERTEX_POINT('',#2691);
#1004=VERTEX_POINT('',#2698);
#1005=VERTEX_POINT('',#2714);
#1006=VERTEX_POINT('',#2725);
#1007=VERTEX_POINT('',#2730);
#1008=VERTEX_POINT('',#2734);
#1009=VERTEX_POINT('',#2736);
#1010=VERTEX_POINT('',#2743);
#1011=VERTEX_POINT('',#2759);
#1012=VERTEX_POINT('',#2770);
#1013=VERTEX_POINT('',#2775);
#1014=VERTEX_POINT('',#2779);
#1015=VERTEX_POINT('',#2781);
#1016=VERTEX_POINT('',#2788);
#1017=VERTEX_POINT('',#2804);
#1018=VERTEX_POINT('',#2815);
#1019=VERTEX_POINT('',#2820);
#1020=VERTEX_POINT('',#2824);
#1021=VERTEX_POINT('',#2826);
#1022=VERTEX_POINT('',#2833);
#1023=VERTEX_POINT('',#2849);
#1024=VERTEX_POINT('',#2860);
#1025=VERTEX_POINT('',#2865);
#1026=VERTEX_POINT('',#2869);
#1027=VERTEX_POINT('',#2871);
#1028=VERTEX_POINT('',#2878);
#1029=VERTEX_POINT('',#2894);
#1030=VERTEX_POINT('',#2905);
#1031=VERTEX_POINT('',#2910);
#1032=VERTEX_POINT('',#2914);
#1033=VERTEX_POINT('',#2916);
#1034=VERTEX_POINT('',#2923);
#1035=VERTEX_POINT('',#2939);
#1036=VERTEX_POINT('',#2950);
#1037=VERTEX_POINT('',#2955);
#1038=VERTEX_POINT('',#2959);
#1039=VERTEX_POINT('',#2961);
#1040=VERTEX_POINT('',#2968);
#1041=VERTEX_POINT('',#2984);
#1042=VERTEX_POINT('',#2996);
#1043=VERTEX_POINT('',#2997);
#1044=VERTEX_POINT('',#2999);
#1045=VERTEX_POINT('',#3001);
#1046=VERTEX_POINT('',#3005);
#1047=VERTEX_POINT('',#3006);
#1048=VERTEX_POINT('',#3008);
#1049=VERTEX_POINT('',#3010);
#1050=VERTEX_POINT('',#3014);
#1051=VERTEX_POINT('',#3015);
#1052=VERTEX_POINT('',#3017);
#1053=VERTEX_POINT('',#3019);
#1054=VERTEX_POINT('',#3023);
#1055=VERTEX_POINT('',#3025);
#1056=VERTEX_POINT('',#3028);
#1057=VERTEX_POINT('',#3030);
#1058=VERTEX_POINT('',#3033);
#1059=VERTEX_POINT('',#3035);
#1060=VERTEX_POINT('',#3038);
#1061=VERTEX_POINT('',#3040);
#1062=VERTEX_POINT('',#3043);
#1063=VERTEX_POINT('',#3045);
#1064=VERTEX_POINT('',#3048);
#1065=VERTEX_POINT('',#3049);
#1066=VERTEX_POINT('',#3051);
#1067=VERTEX_POINT('',#3053);
#1068=B_SPLINE_CURVE_WITH_KNOTS('',3,(#2151,#2152,#2153,#2154),
 .UNSPECIFIED.,.F.,.F.,(4,4),(6.67031872980535E-5,0.000817246762550948),
 .UNSPECIFIED.);
#1069=B_SPLINE_CURVE_WITH_KNOTS('',3,(#2157,#2158,#2159,#2160,#2161),
 .UNSPECIFIED.,.F.,.F.,(4,1,4),(0.00149686509628727,0.00211663599674339,
0.0027364068971995),.UNSPECIFIED.);
#1070=B_SPLINE_CURVE_WITH_KNOTS('',3,(#2163,#2164,#2165,#2166),
 .UNSPECIFIED.,.F.,.F.,(4,4),(2.12706769759388E-7,0.00894889010662692),
 .UNSPECIFIED.);
#1071=B_SPLINE_CURVE_WITH_KNOTS('',3,(#2168,#2169,#2170,#2171),
 .UNSPECIFIED.,.F.,.F.,(4,4),(6.16526703396378E-5,0.00105645672314909),
 .UNSPECIFIED.);
#1072=B_SPLINE_CURVE_WITH_KNOTS('',3,(#2173,#2174,#2175,#2176),
 .UNSPECIFIED.,.F.,.F.,(4,4),(4.17521351509007E-7,0.000994690499860024),
 .UNSPECIFIED.);
#1073=B_SPLINE_CURVE_WITH_KNOTS('',3,(#2178,#2179,#2180,#2181),
 .UNSPECIFIED.,.F.,.F.,(4,4),(2.12746681982857E-7,0.00901595983655135),
 .UNSPECIFIED.);
#1074=B_SPLINE_CURVE_WITH_KNOTS('',3,(#2182,#2183,#2184,#2185),
 .UNSPECIFIED.,.F.,.F.,(4,4),(6.67031872982353E-5,0.000817246762551123),
 .UNSPECIFIED.);
#1075=B_SPLINE_CURVE_WITH_KNOTS('',3,(#2188,#2189,#2190,#2191,#2192),
 .UNSPECIFIED.,.F.,.F.,(4,1,4),(0.00149686509628738,0.002116635996746,0.00273640689720463),
 .UNSPECIFIED.);
#1076=B_SPLINE_CURVE_WITH_KNOTS('',3,(#2194,#2195,#2196,#2197),
 .UNSPECIFIED.,.F.,.F.,(4,4),(2.12706769762553E-7,0.00894889010662692),
 .UNSPECIFIED.);
#1077=B_SPLINE_CURVE_WITH_KNOTS('',3,(#2199,#2200,#2201,#2202),
 .UNSPECIFIED.,.F.,.F.,(4,4),(6.16526703398393E-5,0.00105645672314929),
 .UNSPECIFIED.);
#1078=B_SPLINE_CURVE_WITH_KNOTS('',3,(#2204,#2205,#2206,#2207),
 .UNSPECIFIED.,.F.,.F.,(4,4),(4.17521351526055E-7,0.000994690499860028),
 .UNSPECIFIED.);
#1079=B_SPLINE_CURVE_WITH_KNOTS('',3,(#2209,#2210,#2211,#2212),
 .UNSPECIFIED.,.F.,.F.,(4,4),(2.1274668197562E-7,0.00901595983655135),
 .UNSPECIFIED.);
#1080=B_SPLINE_CURVE_WITH_KNOTS('',3,(#2213,#2214,#2215,#2216),
 .UNSPECIFIED.,.F.,.F.,(4,4),(6.67031872980571E-5,0.000817246762550947),
 .UNSPECIFIED.);
#1081=B_SPLINE_CURVE_WITH_KNOTS('',3,(#2219,#2220,#2221,#2222,#2223),
 .UNSPECIFIED.,.F.,.F.,(4,1,4),(0.00149686509628732,0.00211663599674341,
0.00273640689719951),.UNSPECIFIED.);
#1082=B_SPLINE_CURVE_WITH_KNOTS('',3,(#2225,#2226,#2227,#2228),
 .UNSPECIFIED.,.F.,.F.,(4,4),(2.12706769761085E-7,0.00894889010662692),
 .UNSPECIFIED.);
#1083=B_SPLINE_CURVE_WITH_KNOTS('',3,(#2230,#2231,#2232,#2233),
 .UNSPECIFIED.,.F.,.F.,(4,4),(6.16526703398923E-5,0.00105645672314936),
 .UNSPECIFIED.);
#1084=B_SPLINE_CURVE_WITH_KNOTS('',3,(#2235,#2236,#2237,#2238),
 .UNSPECIFIED.,.F.,.F.,(4,4),(4.17521348869991E-7,0.000994690499857375),
 .UNSPECIFIED.);
#1085=B_SPLINE_CURVE_WITH_KNOTS('',3,(#2240,#2241,#2242,#2243),
 .UNSPECIFIED.,.F.,.F.,(4,4),(2.12746681981033E-7,0.00901595983655135),
 .UNSPECIFIED.);
#1086=B_SPLINE_CURVE_WITH_KNOTS('',3,(#2244,#2245,#2246,#2247),
 .UNSPECIFIED.,.F.,.F.,(4,4),(6.67031872980598E-5,0.000817246762550943),
 .UNSPECIFIED.);
#1087=B_SPLINE_CURVE_WITH_KNOTS('',3,(#2250,#2251,#2252,#2253,#2254),
 .UNSPECIFIED.,.F.,.F.,(4,1,4),(0.0014968650962873,0.00211663599674341,
0.00273640689719953),.UNSPECIFIED.);
#1088=B_SPLINE_CURVE_WITH_KNOTS('',3,(#2256,#2257,#2258,#2259),
 .UNSPECIFIED.,.F.,.F.,(4,4),(2.12706769764801E-7,0.00894889010662692),
 .UNSPECIFIED.);
#1089=B_SPLINE_CURVE_WITH_KNOTS('',3,(#2261,#2262,#2263,#2264),
 .UNSPECIFIED.,.F.,.F.,(4,4),(6.16526703400895E-5,0.00105645672314955),
 .UNSPECIFIED.);
#1090=B_SPLINE_CURVE_WITH_KNOTS('',3,(#2266,#2267,#2268,#2269),
 .UNSPECIFIED.,.F.,.F.,(4,4),(4.17521351540474E-7,0.000994690499860062),
 .UNSPECIFIED.);
#1091=B_SPLINE_CURVE_WITH_KNOTS('',3,(#2271,#2272,#2273,#2274),
 .UNSPECIFIED.,.F.,.F.,(4,4),(2.1274668198125E-7,0.00901595983655135),
 .UNSPECIFIED.);
#1092=B_SPLINE_CURVE_WITH_KNOTS('',3,(#2275,#2276,#2277,#2278),
 .UNSPECIFIED.,.F.,.F.,(4,4),(6.67031872980562E-5,0.000817246762550932),
 .UNSPECIFIED.);
#1093=B_SPLINE_CURVE_WITH_KNOTS('',3,(#2281,#2282,#2283,#2284,#2285),
 .UNSPECIFIED.,.F.,.F.,(4,1,4),(0.00149686509628731,0.00211663599674341,
0.0027364068971995),.UNSPECIFIED.);
#1094=B_SPLINE_CURVE_WITH_KNOTS('',3,(#2287,#2288,#2289,#2290),
 .UNSPECIFIED.,.F.,.F.,(4,4),(2.12706769762978E-7,0.00894889010662692),
 .UNSPECIFIED.);
#1095=B_SPLINE_CURVE_WITH_KNOTS('',3,(#2292,#2293,#2294,#2295),
 .UNSPECIFIED.,.F.,.F.,(4,4),(6.16526703396335E-5,0.00105645672314911),
 .UNSPECIFIED.);
#1096=B_SPLINE_CURVE_WITH_KNOTS('',3,(#2297,#2298,#2299,#2300),
 .UNSPECIFIED.,.F.,.F.,(4,4),(4.17521351449065E-7,0.000994690499859957),
 .UNSPECIFIED.);
#1097=B_SPLINE_CURVE_WITH_KNOTS('',3,(#2302,#2303,#2304,#2305),
 .UNSPECIFIED.,.F.,.F.,(4,4),(2.12746681977622E-7,0.00901595983655135),
 .UNSPECIFIED.);
#1098=B_SPLINE_CURVE_WITH_KNOTS('',3,(#2306,#2307,#2308,#2309),
 .UNSPECIFIED.,.F.,.F.,(4,4),(6.6703187298062E-5,0.000817246762550945),
 .UNSPECIFIED.);
#1099=B_SPLINE_CURVE_WITH_KNOTS('',3,(#2312,#2313,#2314,#2315,#2316),
 .UNSPECIFIED.,.F.,.F.,(4,1,4),(0.00149686509628732,0.00211663599674344,
0.00273640689719955),.UNSPECIFIED.);
#1100=B_SPLINE_CURVE_WITH_KNOTS('',3,(#2318,#2319,#2320,#2321),
 .UNSPECIFIED.,.F.,.F.,(4,4),(2.12706769764621E-7,0.00894889010662691),
 .UNSPECIFIED.);
#1101=B_SPLINE_CURVE_WITH_KNOTS('',3,(#2323,#2324,#2325,#2326),
 .UNSPECIFIED.,.F.,.F.,(4,4),(6.16526703396344E-5,0.0010564567231491),
 .UNSPECIFIED.);
#1102=B_SPLINE_CURVE_WITH_KNOTS('',3,(#2328,#2329,#2330,#2331),
 .UNSPECIFIED.,.F.,.F.,(4,4),(4.17521351446786E-7,0.000994690499859951),
 .UNSPECIFIED.);
#1103=B_SPLINE_CURVE_WITH_KNOTS('',3,(#2333,#2334,#2335,#2336),
 .UNSPECIFIED.,.F.,.F.,(4,4),(2.12746681979289E-7,0.00901595983655135),
 .UNSPECIFIED.);
#1104=B_SPLINE_CURVE_WITH_KNOTS('',3,(#2337,#2338,#2339,#2340),
 .UNSPECIFIED.,.F.,.F.,(4,4),(6.67031872980553E-5,0.00081724676255093),
 .UNSPECIFIED.);
#1105=B_SPLINE_CURVE_WITH_KNOTS('',3,(#2343,#2344,#2345,#2346,#2347),
 .UNSPECIFIED.,.F.,.F.,(4,1,4),(0.0014968650962873,0.00211663599674341,
0.00273640689719952),.UNSPECIFIED.);
#1106=B_SPLINE_CURVE_WITH_KNOTS('',3,(#2349,#2350,#2351,#2352),
 .UNSPECIFIED.,.F.,.F.,(4,4),(2.12706769753583E-7,0.00894889010662691),
 .UNSPECIFIED.);
#1107=B_SPLINE_CURVE_WITH_KNOTS('',3,(#2354,#2355,#2356,#2357),
 .UNSPECIFIED.,.F.,.F.,(4,4),(6.16526703396346E-5,0.0010564567231491),
 .UNSPECIFIED.);
#1108=B_SPLINE_CURVE_WITH_KNOTS('',3,(#2359,#2360,#2361,#2362),
 .UNSPECIFIED.,.F.,.F.,(4,4),(4.17521348754148E-7,0.00099469049985726),
 .UNSPECIFIED.);
#1109=B_SPLINE_CURVE_WITH_KNOTS('',3,(#2364,#2365,#2366,#2367),
 .UNSPECIFIED.,.F.,.F.,(4,4),(2.12746681982845E-7,0.00901595983655135),
 .UNSPECIFIED.);
#1110=B_SPLINE_CURVE_WITH_KNOTS('',3,(#2368,#2369,#2370,#2371),
 .UNSPECIFIED.,.F.,.F.,(4,4),(6.67031872986935E-5,0.000817246762551583),
 .UNSPECIFIED.);
#1111=B_SPLINE_CURVE_WITH_KNOTS('',3,(#2374,#2375,#2376,#2377,#2378),
 .UNSPECIFIED.,.F.,.F.,(4,1,4),(0.00149686509628702,0.00211663599674315,
0.00273640689719928),.UNSPECIFIED.);
#1112=B_SPLINE_CURVE_WITH_KNOTS('',3,(#2380,#2381,#2382,#2383),
 .UNSPECIFIED.,.F.,.F.,(4,4),(2.12706769762777E-7,0.00894889010662692),
 .UNSPECIFIED.);
#1113=B_SPLINE_CURVE_WITH_KNOTS('',3,(#2385,#2386,#2387,#2388),
 .UNSPECIFIED.,.F.,.F.,(4,4),(6.1652670339634E-5,0.00105645672314908),
 .UNSPECIFIED.);
#1114=B_SPLINE_CURVE_WITH_KNOTS('',3,(#2390,#2391,#2392,#2393),
 .UNSPECIFIED.,.F.,.F.,(4,4),(4.17521351285181E-7,0.000994690499859786),
 .UNSPECIFIED.);
#1115=B_SPLINE_CURVE_WITH_KNOTS('',3,(#2395,#2396,#2397,#2398),
 .UNSPECIFIED.,.F.,.F.,(4,4),(2.12746681977391E-7,0.00901595983655135),
 .UNSPECIFIED.);
#1116=B_SPLINE_CURVE_WITH_KNOTS('',3,(#2399,#2400,#2401,#2402),
 .UNSPECIFIED.,.F.,.F.,(4,4),(6.67031872981035E-5,0.000817246762550993),
 .UNSPECIFIED.);
#1117=B_SPLINE_CURVE_WITH_KNOTS('',3,(#2405,#2406,#2407,#2408,#2409),
 .UNSPECIFIED.,.F.,.F.,(4,1,4),(0.00149686509628731,0.00211663599674341,
0.00273640689719952),.UNSPECIFIED.);
#1118=B_SPLINE_CURVE_WITH_KNOTS('',3,(#2411,#2412,#2413,#2414),
 .UNSPECIFIED.,.F.,.F.,(4,4),(2.12706769764512E-7,0.00894889010662691),
 .UNSPECIFIED.);
#1119=B_SPLINE_CURVE_WITH_KNOTS('',3,(#2416,#2417,#2418,#2419),
 .UNSPECIFIED.,.F.,.F.,(4,4),(6.16526703396324E-5,0.0010564567231491),
 .UNSPECIFIED.);
#1120=B_SPLINE_CURVE_WITH_KNOTS('',3,(#2421,#2422,#2423,#2424),
 .UNSPECIFIED.,.F.,.F.,(4,4),(4.17521351534303E-7,0.000994690499860035),
 .UNSPECIFIED.);
#1121=B_SPLINE_CURVE_WITH_KNOTS('',3,(#2426,#2427,#2428,#2429),
 .UNSPECIFIED.,.F.,.F.,(4,4),(2.1274668197741E-7,0.00901595983655135),
 .UNSPECIFIED.);
#1122=B_SPLINE_CURVE_WITH_KNOTS('',3,(#2430,#2431,#2432,#2433),
 .UNSPECIFIED.,.F.,.F.,(4,4),(6.67031872980719E-5,0.000817246762550958),
 .UNSPECIFIED.);
#1123=B_SPLINE_CURVE_WITH_KNOTS('',3,(#2436,#2437,#2438,#2439,#2440),
 .UNSPECIFIED.,.F.,.F.,(4,1,4),(0.00149686509628739,0.00211663599674587,
0.00273640689720435),.UNSPECIFIED.);
#1124=B_SPLINE_CURVE_WITH_KNOTS('',3,(#2442,#2443,#2444,#2445),
 .UNSPECIFIED.,.F.,.F.,(4,4),(2.12706769763136E-7,0.00894889010662692),
 .UNSPECIFIED.);
#1125=B_SPLINE_CURVE_WITH_KNOTS('',3,(#2447,#2448,#2449,#2450),
 .UNSPECIFIED.,.F.,.F.,(4,4),(6.16526703436271E-5,0.0010564567231531),
 .UNSPECIFIED.);
#1126=B_SPLINE_CURVE_WITH_KNOTS('',3,(#2452,#2453,#2454,#2455),
 .UNSPECIFIED.,.F.,.F.,(4,4),(4.17521351525485E-7,0.000994690499860028),
 .UNSPECIFIED.);
#1127=B_SPLINE_CURVE_WITH_KNOTS('',3,(#2457,#2458,#2459,#2460),
 .UNSPECIFIED.,.F.,.F.,(4,4),(2.12746681975224E-7,0.00901595983655135),
 .UNSPECIFIED.);
#1128=B_SPLINE_CURVE_WITH_KNOTS('',3,(#2461,#2462,#2463,#2464),
 .UNSPECIFIED.,.F.,.F.,(4,4),(6.67031872987943E-5,0.00081646376994307),
 .UNSPECIFIED.);
#1129=B_SPLINE_CURVE_WITH_KNOTS('',3,(#2467,#2468,#2469,#2470,#2471),
 .UNSPECIFIED.,.F.,.F.,(4,1,4),(0.00149686509628731,0.00211663599674341,
0.00273640689719952),.UNSPECIFIED.);
#1130=B_SPLINE_CURVE_WITH_KNOTS('',3,(#2473,#2474,#2475,#2476),
 .UNSPECIFIED.,.F.,.F.,(4,4),(2.1270676975347E-7,0.00894889010662691),
 .UNSPECIFIED.);
#1131=B_SPLINE_CURVE_WITH_KNOTS('',3,(#2478,#2479,#2480,#2481),
 .UNSPECIFIED.,.F.,.F.,(4,4),(6.32604192524232E-7,0.00099503063009846),
 .UNSPECIFIED.);
#1132=B_SPLINE_CURVE_WITH_KNOTS('',3,(#2483,#2484,#2485,#2486),
 .UNSPECIFIED.,.F.,.F.,(4,4),(2.34545693485074E-7,0.000994507255191499),
 .UNSPECIFIED.);
#1133=B_SPLINE_CURVE_WITH_KNOTS('',3,(#2488,#2489,#2490,#2491),
 .UNSPECIFIED.,.F.,.F.,(4,4),(2.12746681977402E-7,0.00901595983655135),
 .UNSPECIFIED.);
#1134=B_SPLINE_CURVE_WITH_KNOTS('',3,(#2501,#2502,#2503,#2504),
 .UNSPECIFIED.,.F.,.F.,(4,4),(0.0166178198863812,0.0258024858311706),
 .UNSPECIFIED.);
#1135=B_SPLINE_CURVE_WITH_KNOTS('',3,(#2512,#2513,#2514,#2515),
 .UNSPECIFIED.,.F.,.F.,(4,4),(0.0280162236461066,0.0371494903704741),
 .UNSPECIFIED.);
#1136=B_SPLINE_CURVE_WITH_KNOTS('',3,(#2519,#2520,#2521,#2522,#2523),
 .UNSPECIFIED.,.F.,.F.,(4,1,4),(6.15326523400267E-18,0.000658385400481711,
0.00131677080096342),.UNSPECIFIED.);
#1137=B_SPLINE_CURVE_WITH_KNOTS('',3,(#2525,#2526,#2527,#2528),
 .UNSPECIFIED.,.F.,.F.,(4,4),(0.000125046102696006,0.000946972661847478),
 .UNSPECIFIED.);
#1138=B_SPLINE_CURVE_WITH_KNOTS('',3,(#2530,#2531,#2532,#2533),
 .UNSPECIFIED.,.F.,.F.,(4,4),(0.000113192706366739,0.0012086477518618),
 .UNSPECIFIED.);
#1139=B_SPLINE_CURVE_WITH_KNOTS('',3,(#2537,#2538,#2539,#2540,#2541),
 .UNSPECIFIED.,.F.,.F.,(4,1,4),(7.152448122691E-18,0.000515793042278053,
0.0010315860845561),.UNSPECIFIED.);
#1140=B_SPLINE_CURVE_WITH_KNOTS('',3,(#2546,#2547,#2548,#2549),
 .UNSPECIFIED.,.F.,.F.,(4,4),(0.0166178198863812,0.0258024858311706),
 .UNSPECIFIED.);
#1141=B_SPLINE_CURVE_WITH_KNOTS('',3,(#2557,#2558,#2559,#2560),
 .UNSPECIFIED.,.F.,.F.,(4,4),(0.0280162236461066,0.0371494903704741),
 .UNSPECIFIED.);
#1142=B_SPLINE_CURVE_WITH_KNOTS('',3,(#2564,#2565,#2566,#2567,#2568),
 .UNSPECIFIED.,.F.,.F.,(4,1,4),(5.74627151417317E-18,0.000658385400481707,
0.00131677080096341),.UNSPECIFIED.);
#1143=B_SPLINE_CURVE_WITH_KNOTS('',3,(#2570,#2571,#2572,#2573),
 .UNSPECIFIED.,.F.,.F.,(4,4),(0.000125046102695985,0.000946972661847459),
 .UNSPECIFIED.);
#1144=B_SPLINE_CURVE_WITH_KNOTS('',3,(#2575,#2576,#2577,#2578),
 .UNSPECIFIED.,.F.,.F.,(4,4),(0.000113192706366736,0.00120864775186184),
 .UNSPECIFIED.);
#1145=B_SPLINE_CURVE_WITH_KNOTS('',3,(#2582,#2583,#2584,#2585,#2586),
 .UNSPECIFIED.,.F.,.F.,(4,1,4),(1.04083408558608E-17,0.000515793042278039,
0.00103158608455607),.UNSPECIFIED.);
#1146=B_SPLINE_CURVE_WITH_KNOTS('',3,(#2591,#2592,#2593,#2594),
 .UNSPECIFIED.,.F.,.F.,(4,4),(0.0166178198863812,0.0258024858311706),
 .UNSPECIFIED.);
#1147=B_SPLINE_CURVE_WITH_KNOTS('',3,(#2602,#2603,#2604,#2605),
 .UNSPECIFIED.,.F.,.F.,(4,4),(0.0280162236461066,0.0371494903704741),
 .UNSPECIFIED.);
#1148=B_SPLINE_CURVE_WITH_KNOTS('',3,(#2609,#2610,#2611,#2612,#2613),
 .UNSPECIFIED.,.F.,.F.,(4,1,4),(6.00240800451811E-18,0.000658385400481711,
0.00131677080096342),.UNSPECIFIED.);
#1149=B_SPLINE_CURVE_WITH_KNOTS('',3,(#2615,#2616,#2617,#2618),
 .UNSPECIFIED.,.F.,.F.,(4,4),(0.000125046102696013,0.000946972661847473),
 .UNSPECIFIED.);
#1150=B_SPLINE_CURVE_WITH_KNOTS('',3,(#2620,#2621,#2622,#2623),
 .UNSPECIFIED.,.F.,.F.,(4,4),(0.000113192706366738,0.00120864775186182),
 .UNSPECIFIED.);
#1151=B_SPLINE_CURVE_WITH_KNOTS('',3,(#2627,#2628,#2629,#2630,#2631),
 .UNSPECIFIED.,.F.,.F.,(4,1,4),(1.07286721840365E-17,0.000515793042278054,
0.0010315860845561),.UNSPECIFIED.);
#1152=B_SPLINE_CURVE_WITH_KNOTS('',3,(#2636,#2637,#2638,#2639),
 .UNSPECIFIED.,.F.,.F.,(4,4),(0.0166178198863812,0.0258024858311706),
 .UNSPECIFIED.);
#1153=B_SPLINE_CURVE_WITH_KNOTS('',3,(#2647,#2648,#2649,#2650),
 .UNSPECIFIED.,.F.,.F.,(4,4),(0.0280162236461066,0.0371494903704741),
 .UNSPECIFIED.);
#1154=B_SPLINE_CURVE_WITH_KNOTS('',3,(#2654,#2655,#2656,#2657,#2658),
 .UNSPECIFIED.,.F.,.F.,(4,1,4),(6.00240800451811E-18,0.000658385400481709,
0.00131677080096341),.UNSPECIFIED.);
#1155=B_SPLINE_CURVE_WITH_KNOTS('',3,(#2660,#2661,#2662,#2663),
 .UNSPECIFIED.,.F.,.F.,(4,4),(0.000125046102696004,0.000946972661847473),
 .UNSPECIFIED.);
#1156=B_SPLINE_CURVE_WITH_KNOTS('',3,(#2665,#2666,#2667,#2668),
 .UNSPECIFIED.,.F.,.F.,(4,4),(0.000113192706366732,0.00120864775186181),
 .UNSPECIFIED.);
#1157=B_SPLINE_CURVE_WITH_KNOTS('',3,(#2672,#2673,#2674,#2675,#2676),
 .UNSPECIFIED.,.F.,.F.,(4,1,4),(1.05519109601004E-17,0.000515793042278057,
0.0010315860845561),.UNSPECIFIED.);
#1158=B_SPLINE_CURVE_WITH_KNOTS('',3,(#2681,#2682,#2683,#2684),
 .UNSPECIFIED.,.F.,.F.,(4,4),(0.0166178198863812,0.0258024858311706),
 .UNSPECIFIED.);
#1159=B_SPLINE_CURVE_WITH_KNOTS('',3,(#2692,#2693,#2694,#2695),
 .UNSPECIFIED.,.F.,.F.,(4,4),(0.0280162236461066,0.0371494903704741),
 .UNSPECIFIED.);
#1160=B_SPLINE_CURVE_WITH_KNOTS('',3,(#2699,#2700,#2701,#2702,#2703),
 .UNSPECIFIED.,.F.,.F.,(4,1,4),(5.74627151417317E-18,0.000658385400481693,
0.00131677080096338),.UNSPECIFIED.);
#1161=B_SPLINE_CURVE_WITH_KNOTS('',3,(#2705,#2706,#2707,#2708),
 .UNSPECIFIED.,.F.,.F.,(4,4),(0.000125046102695973,0.000946972661847466),
 .UNSPECIFIED.);
#1162=B_SPLINE_CURVE_WITH_KNOTS('',3,(#2710,#2711,#2712,#2713),
 .UNSPECIFIED.,.F.,.F.,(4,4),(0.000113192706366786,0.00120864775186183),
 .UNSPECIFIED.);
#1163=B_SPLINE_CURVE_WITH_KNOTS('',3,(#2717,#2718,#2719,#2720,#2721),
 .UNSPECIFIED.,.F.,.F.,(4,1,4),(1.09713545893022E-17,0.000515793042278079,
0.00103158608455615),.UNSPECIFIED.);
#1164=B_SPLINE_CURVE_WITH_KNOTS('',3,(#2726,#2727,#2728,#2729),
 .UNSPECIFIED.,.F.,.F.,(4,4),(0.0166178198863812,0.0258024858311706),
 .UNSPECIFIED.);
#1165=B_SPLINE_CURVE_WITH_KNOTS('',3,(#2737,#2738,#2739,#2740),
 .UNSPECIFIED.,.F.,.F.,(4,4),(0.0280162236461066,0.0371494903704741),
 .UNSPECIFIED.);
#1166=B_SPLINE_CURVE_WITH_KNOTS('',3,(#2744,#2745,#2746,#2747,#2748),
 .UNSPECIFIED.,.F.,.F.,(4,1,4),(8.84538885469324E-18,0.000658385400481708,
0.00131677080096341),.UNSPECIFIED.);
#1167=B_SPLINE_CURVE_WITH_KNOTS('',3,(#2750,#2751,#2752,#2753),
 .UNSPECIFIED.,.F.,.F.,(4,4),(0.00012504610269601,0.000946972661847478),
 .UNSPECIFIED.);
#1168=B_SPLINE_CURVE_WITH_KNOTS('',3,(#2755,#2756,#2757,#2758),
 .UNSPECIFIED.,.F.,.F.,(4,4),(0.00011319270636674,0.00120864775186182),
 .UNSPECIFIED.);
#1169=B_SPLINE_CURVE_WITH_KNOTS('',3,(#2762,#2763,#2764,#2765,#2766),
 .UNSPECIFIED.,.F.,.F.,(4,1,4),(8.94056015336375E-18,0.000515793042278053,
0.0010315860845561),.UNSPECIFIED.);
#1170=B_SPLINE_CURVE_WITH_KNOTS('',3,(#2771,#2772,#2773,#2774),
 .UNSPECIFIED.,.F.,.F.,(4,4),(0.0166178198863812,0.0258024858311706),
 .UNSPECIFIED.);
#1171=B_SPLINE_CURVE_WITH_KNOTS('',3,(#2782,#2783,#2784,#2785),
 .UNSPECIFIED.,.F.,.F.,(4,4),(0.0280162236461066,0.0371494903704741),
 .UNSPECIFIED.);
#1172=B_SPLINE_CURVE_WITH_KNOTS('',3,(#2789,#2790,#2791,#2792,#2793),
 .UNSPECIFIED.,.F.,.F.,(4,1,4),(6.00240800451811E-18,0.000658385400481716,
0.00131677080096343),.UNSPECIFIED.);
#1173=B_SPLINE_CURVE_WITH_KNOTS('',3,(#2795,#2796,#2797,#2798),
 .UNSPECIFIED.,.F.,.F.,(4,4),(0.00012504610269599,0.000946972661847466),
 .UNSPECIFIED.);
#1174=B_SPLINE_CURVE_WITH_KNOTS('',3,(#2800,#2801,#2802,#2803),
 .UNSPECIFIED.,.F.,.F.,(4,4),(0.000113192706366735,0.0012086477518618),
 .UNSPECIFIED.);
#1175=B_SPLINE_CURVE_WITH_KNOTS('',3,(#2807,#2808,#2809,#2810,#2811),
 .UNSPECIFIED.,.F.,.F.,(4,1,4),(1.05519109601004E-17,0.000515793042278051,
0.00103158608455609),.UNSPECIFIED.);
#1176=B_SPLINE_CURVE_WITH_KNOTS('',3,(#2816,#2817,#2818,#2819),
 .UNSPECIFIED.,.F.,.F.,(4,4),(0.0166178198863812,0.0258024858311706),
 .UNSPECIFIED.);
#1177=B_SPLINE_CURVE_WITH_KNOTS('',3,(#2827,#2828,#2829,#2830),
 .UNSPECIFIED.,.F.,.F.,(4,4),(0.0280162236461066,0.0371494903704741),
 .UNSPECIFIED.);
#1178=B_SPLINE_CURVE_WITH_KNOTS('',3,(#2834,#2835,#2836,#2837,#2838),
 .UNSPECIFIED.,.F.,.F.,(4,1,4),(5.74627151417317E-18,0.000658385400481716,
0.00131677080096343),.UNSPECIFIED.);
#1179=B_SPLINE_CURVE_WITH_KNOTS('',3,(#2840,#2841,#2842,#2843),
 .UNSPECIFIED.,.F.,.F.,(4,4),(0.000125046102696015,0.000946972661847496),
 .UNSPECIFIED.);
#1180=B_SPLINE_CURVE_WITH_KNOTS('',3,(#2845,#2846,#2847,#2848),
 .UNSPECIFIED.,.F.,.F.,(4,4),(0.00011319270636674,0.0012086477518618),
 .UNSPECIFIED.);
#1181=B_SPLINE_CURVE_WITH_KNOTS('',3,(#2852,#2853,#2854,#2855,#2856),
 .UNSPECIFIED.,.F.,.F.,(4,1,4),(1.05519109601004E-17,0.000515793042278063,
0.00103158608455612),.UNSPECIFIED.);
#1182=B_SPLINE_CURVE_WITH_KNOTS('',3,(#2861,#2862,#2863,#2864),
 .UNSPECIFIED.,.F.,.F.,(4,4),(0.0166178198863812,0.0258024858311706),
 .UNSPECIFIED.);
#1183=B_SPLINE_CURVE_WITH_KNOTS('',3,(#2872,#2873,#2874,#2875),
 .UNSPECIFIED.,.F.,.F.,(4,4),(0.0280162236461066,0.0371494903704741),
 .UNSPECIFIED.);
#1184=B_SPLINE_CURVE_WITH_KNOTS('',3,(#2879,#2880,#2881,#2882,#2883),
 .UNSPECIFIED.,.F.,.F.,(4,1,4),(5.89171861003071E-18,0.000658385400481714,
0.00131677080096342),.UNSPECIFIED.);
#1185=B_SPLINE_CURVE_WITH_KNOTS('',3,(#2885,#2886,#2887,#2888),
 .UNSPECIFIED.,.F.,.F.,(4,4),(0.000125046102696004,0.000946972661847488),
 .UNSPECIFIED.);
#1186=B_SPLINE_CURVE_WITH_KNOTS('',3,(#2890,#2891,#2892,#2893),
 .UNSPECIFIED.,.F.,.F.,(4,4),(0.000113192706366737,0.0012086477518618),
 .UNSPECIFIED.);
#1187=B_SPLINE_CURVE_WITH_KNOTS('',3,(#2897,#2898,#2899,#2900,#2901),
 .UNSPECIFIED.,.F.,.F.,(4,1,4),(1.06781530252081E-17,0.000515793042278051,
0.00103158608455609),.UNSPECIFIED.);
#1188=B_SPLINE_CURVE_WITH_KNOTS('',3,(#2906,#2907,#2908,#2909),
 .UNSPECIFIED.,.F.,.F.,(4,4),(0.0166178198863812,0.0258024858311706),
 .UNSPECIFIED.);
#1189=B_SPLINE_CURVE_WITH_KNOTS('',3,(#2917,#2918,#2919,#2920),
 .UNSPECIFIED.,.F.,.F.,(4,4),(0.0280162236461066,0.0371494903704741),
 .UNSPECIFIED.);
#1190=B_SPLINE_CURVE_WITH_KNOTS('',3,(#2924,#2925,#2926,#2927,#2928),
 .UNSPECIFIED.,.F.,.F.,(4,1,4),(6.00240800451811E-18,0.000658385400481722,
0.00131677080096344),.UNSPECIFIED.);
#1191=B_SPLINE_CURVE_WITH_KNOTS('',3,(#2930,#2931,#2932,#2933),
 .UNSPECIFIED.,.F.,.F.,(4,4),(0.000125046102695997,0.000946972661847452),
 .UNSPECIFIED.);
#1192=B_SPLINE_CURVE_WITH_KNOTS('',3,(#2935,#2936,#2937,#2938),
 .UNSPECIFIED.,.F.,.F.,(4,4),(0.000113192706366734,0.00120864775186182),
 .UNSPECIFIED.);
#1193=B_SPLINE_CURVE_WITH_KNOTS('',3,(#2942,#2943,#2944,#2945,#2946),
 .UNSPECIFIED.,.F.,.F.,(4,1,4),(1.09713545893022E-17,0.000515793042278039,
0.00103158608455607),.UNSPECIFIED.);
#1194=B_SPLINE_CURVE_WITH_KNOTS('',3,(#2951,#2952,#2953,#2954),
 .UNSPECIFIED.,.F.,.F.,(4,4),(0.0166178198863812,0.0258024858311706),
 .UNSPECIFIED.);
#1195=B_SPLINE_CURVE_WITH_KNOTS('',3,(#2962,#2963,#2964,#2965),
 .UNSPECIFIED.,.F.,.F.,(4,4),(0.0280162236461066,0.0371494903704741),
 .UNSPECIFIED.);
#1196=B_SPLINE_CURVE_WITH_KNOTS('',3,(#2969,#2970,#2971,#2972,#2973),
 .UNSPECIFIED.,.F.,.F.,(4,1,4),(6.00240800451811E-18,0.00065838540048171,
0.00131677080096341),.UNSPECIFIED.);
#1197=B_SPLINE_CURVE_WITH_KNOTS('',3,(#2975,#2976,#2977,#2978),
 .UNSPECIFIED.,.F.,.F.,(4,4),(0.000125046102696011,0.000946972661847468),
 .UNSPECIFIED.);
#1198=B_SPLINE_CURVE_WITH_KNOTS('',3,(#2980,#2981,#2982,#2983),
 .UNSPECIFIED.,.F.,.F.,(4,4),(0.000113192706366702,0.00120864775186179),
 .UNSPECIFIED.);
#1199=B_SPLINE_CURVE_WITH_KNOTS('',3,(#2987,#2988,#2989,#2990,#2991),
 .UNSPECIFIED.,.F.,.F.,(4,1,4),(1.05519109601004E-17,0.000515793042278049,
0.00103158608455609),.UNSPECIFIED.);
#1200=EDGE_LOOP('',(#206,#207,#208,#209,#210,#211));
#1201=EDGE_LOOP('',(#212,#213,#214,#215,#216,#217));
#1202=EDGE_LOOP('',(#218,#219,#220,#221,#222,#223));
#1203=EDGE_LOOP('',(#224,#225,#226,#227,#228,#229));
#1204=EDGE_LOOP('',(#230,#231,#232,#233,#234,#235));
#1205=EDGE_LOOP('',(#236,#237,#238,#239,#240,#241));
#1206=EDGE_LOOP('',(#242,#243,#244,#245,#246,#247));
#1207=EDGE_LOOP('',(#248,#249,#250,#251,#252,#253));
#1208=EDGE_LOOP('',(#254,#255,#256,#257,#258,#259));
#1209=EDGE_LOOP('',(#260,#261,#262,#263,#264,#265));
#1210=EDGE_LOOP('',(#266,#267,#268,#269,#270,#271));
#1211=EDGE_LOOP('',(#272));
#1212=EDGE_LOOP('',(#273));
#1213=EDGE_LOOP('',(#274));
#1214=EDGE_LOOP('',(#275));
#1215=EDGE_LOOP('',(#276,#277,#278,#279));
#1216=EDGE_LOOP('',(#280,#281,#282,#283));
#1217=EDGE_LOOP('',(#284,#285,#286,#287));
#1218=EDGE_LOOP('',(#288,#289,#290,#291));
#1219=EDGE_LOOP('',(#292,#293,#294,#295));
#1220=EDGE_LOOP('',(#296,#297,#298,#299));
#1221=EDGE_LOOP('',(#300,#301,#302,#303,#304,#305));
#1222=EDGE_LOOP('',(#306,#307,#308,#309));
#1223=EDGE_LOOP('',(#310,#311,#312,#313));
#1224=EDGE_LOOP('',(#314,#315,#316,#317));
#1225=EDGE_LOOP('',(#318,#319,#320,#321));
#1226=EDGE_LOOP('',(#322,#323,#324,#325));
#1227=EDGE_LOOP('',(#326,#327,#328,#329));
#1228=EDGE_LOOP('',(#330,#331,#332,#333,#334,#335));
#1229=EDGE_LOOP('',(#336,#337,#338,#339));
#1230=EDGE_LOOP('',(#340,#341,#342,#343));
#1231=EDGE_LOOP('',(#344,#345,#346,#347));
#1232=EDGE_LOOP('',(#348,#349,#350,#351));
#1233=EDGE_LOOP('',(#352,#353,#354,#355));
#1234=EDGE_LOOP('',(#356,#357,#358,#359));
#1235=EDGE_LOOP('',(#360,#361,#362,#363,#364,#365));
#1236=EDGE_LOOP('',(#366,#367,#368,#369));
#1237=EDGE_LOOP('',(#370,#371,#372,#373));
#1238=EDGE_LOOP('',(#374,#375,#376,#377));
#1239=EDGE_LOOP('',(#378,#379,#380,#381));
#1240=EDGE_LOOP('',(#382,#383,#384,#385));
#1241=EDGE_LOOP('',(#386,#387,#388,#389));
#1242=EDGE_LOOP('',(#390,#391,#392,#393,#394,#395));
#1243=EDGE_LOOP('',(#396,#397,#398,#399));
#1244=EDGE_LOOP('',(#400,#401,#402,#403));
#1245=EDGE_LOOP('',(#404,#405,#406,#407));
#1246=EDGE_LOOP('',(#408,#409,#410,#411));
#1247=EDGE_LOOP('',(#412,#413,#414,#415));
#1248=EDGE_LOOP('',(#416,#417,#418,#419));
#1249=EDGE_LOOP('',(#420,#421,#422,#423,#424,#425));
#1250=EDGE_LOOP('',(#426,#427,#428,#429));
#1251=EDGE_LOOP('',(#430,#431,#432,#433));
#1252=EDGE_LOOP('',(#434,#435,#436,#437));
#1253=EDGE_LOOP('',(#438,#439,#440,#441));
#1254=EDGE_LOOP('',(#442,#443,#444,#445));
#1255=EDGE_LOOP('',(#446,#447,#448,#449));
#1256=EDGE_LOOP('',(#450,#451,#452,#453,#454,#455));
#1257=EDGE_LOOP('',(#456,#457,#458,#459));
#1258=EDGE_LOOP('',(#460,#461,#462,#463));
#1259=EDGE_LOOP('',(#464,#465,#466,#467));
#1260=EDGE_LOOP('',(#468,#469,#470,#471));
#1261=EDGE_LOOP('',(#472,#473,#474,#475));
#1262=EDGE_LOOP('',(#476,#477,#478,#479));
#1263=EDGE_LOOP('',(#480,#481,#482,#483,#484,#485));
#1264=EDGE_LOOP('',(#486,#487,#488,#489));
#1265=EDGE_LOOP('',(#490,#491,#492,#493));
#1266=EDGE_LOOP('',(#494,#495,#496,#497));
#1267=EDGE_LOOP('',(#498,#499,#500,#501));
#1268=EDGE_LOOP('',(#502,#503,#504,#505));
#1269=EDGE_LOOP('',(#506,#507,#508,#509));
#1270=EDGE_LOOP('',(#510,#511,#512,#513,#514,#515));
#1271=EDGE_LOOP('',(#516,#517,#518,#519));
#1272=EDGE_LOOP('',(#520,#521,#522,#523));
#1273=EDGE_LOOP('',(#524,#525,#526,#527));
#1274=EDGE_LOOP('',(#528,#529,#530,#531));
#1275=EDGE_LOOP('',(#532,#533,#534,#535));
#1276=EDGE_LOOP('',(#536,#537,#538,#539));
#1277=EDGE_LOOP('',(#540,#541,#542,#543,#544,#545));
#1278=EDGE_LOOP('',(#546,#547,#548,#549));
#1279=EDGE_LOOP('',(#550,#551,#552,#553));
#1280=EDGE_LOOP('',(#554,#555,#556,#557));
#1281=EDGE_LOOP('',(#558,#559,#560,#561));
#1282=EDGE_LOOP('',(#562,#563,#564,#565));
#1283=EDGE_LOOP('',(#566,#567,#568,#569));
#1284=EDGE_LOOP('',(#570,#571,#572,#573,#574,#575));
#1285=EDGE_LOOP('',(#576,#577,#578,#579));
#1286=EDGE_LOOP('',(#580,#581,#582,#583));
#1287=EDGE_LOOP('',(#584,#585,#586,#587));
#1288=EDGE_LOOP('',(#588,#589,#590,#591));
#1289=EDGE_LOOP('',(#592,#593,#594,#595));
#1290=EDGE_LOOP('',(#596,#597,#598,#599));
#1291=EDGE_LOOP('',(#600,#601,#602,#603,#604,#605));
#1292=EDGE_LOOP('',(#606,#607,#608,#609));
#1293=EDGE_LOOP('',(#610,#611,#612,#613));
#1294=EDGE_LOOP('',(#614,#615,#616,#617));
#1295=EDGE_LOOP('',(#618));
#1296=EDGE_LOOP('',(#619));
#1297=EDGE_LOOP('',(#620));
#1298=EDGE_LOOP('',(#621));
#1299=EDGE_LOOP('',(#622));
#1300=EDGE_LOOP('',(#623));
#1301=EDGE_LOOP('',(#624));
#1302=EDGE_LOOP('',(#625));
#1303=EDGE_LOOP('',(#626));
#1304=EDGE_LOOP('',(#627));
#1305=EDGE_LOOP('',(#628,#629,#630,#631));
#1306=EDGE_LOOP('',(#632));
#1307=EDGE_LOOP('',(#633));
#1308=EDGE_LOOP('',(#634));
#1309=EDGE_LOOP('',(#635));
#1310=EDGE_LOOP('',(#636));
#1311=EDGE_LOOP('',(#637,#638,#639,#640,#641,#642,#643,#644));
#1312=EDGE_LOOP('',(#645));
#1313=EDGE_LOOP('',(#646));
#1314=EDGE_LOOP('',(#647));
#1315=EDGE_LOOP('',(#648));
#1316=EDGE_LOOP('',(#649));
#1317=EDGE_LOOP('',(#650,#651,#652,#653,#654,#655,#656,#657));
#1318=EDGE_LOOP('',(#658,#659,#660,#661));
#1319=EDGE_LOOP('',(#662,#663,#664,#665));
#1320=EDGE_LOOP('',(#666,#667,#668,#669));
#1321=EDGE_LOOP('',(#670,#671,#672,#673));
#1322=FACE_BOUND('',#1200,.T.);
#1323=FACE_BOUND('',#1201,.T.);
#1324=FACE_BOUND('',#1202,.T.);
#1325=FACE_BOUND('',#1203,.T.);
#1326=FACE_BOUND('',#1204,.T.);
#1327=FACE_BOUND('',#1205,.T.);
#1328=FACE_BOUND('',#1206,.T.);
#1329=FACE_BOUND('',#1207,.T.);
#1330=FACE_BOUND('',#1208,.T.);
#1331=FACE_BOUND('',#1209,.T.);
#1332=FACE_BOUND('',#1210,.T.);
#1333=FACE_BOUND('',#1211,.T.);
#1334=FACE_BOUND('',#1212,.T.);
#1335=FACE_BOUND('',#1213,.T.);
#1336=FACE_BOUND('',#1214,.T.);
#1337=FACE_BOUND('',#1215,.T.);
#1338=FACE_BOUND('',#1216,.T.);
#1339=FACE_BOUND('',#1217,.T.);
#1340=FACE_BOUND('',#1218,.T.);
#1341=FACE_BOUND('',#1219,.T.);
#1342=FACE_BOUND('',#1220,.T.);
#1343=FACE_BOUND('',#1221,.T.);
#1344=FACE_BOUND('',#1222,.T.);
#1345=FACE_BOUND('',#1223,.T.);
#1346=FACE_BOUND('',#1224,.T.);
#1347=FACE_BOUND('',#1225,.T.);
#1348=FACE_BOUND('',#1226,.T.);
#1349=FACE_BOUND('',#1227,.T.);
#1350=FACE_BOUND('',#1228,.T.);
#1351=FACE_BOUND('',#1229,.T.);
#1352=FACE_BOUND('',#1230,.T.);
#1353=FACE_BOUND('',#1231,.T.);
#1354=FACE_BOUND('',#1232,.T.);
#1355=FACE_BOUND('',#1233,.T.);
#1356=FACE_BOUND('',#1234,.T.);
#1357=FACE_BOUND('',#1235,.T.);
#1358=FACE_BOUND('',#1236,.T.);
#1359=FACE_BOUND('',#1237,.T.);
#1360=FACE_BOUND('',#1238,.T.);
#1361=FACE_BOUND('',#1239,.T.);
#1362=FACE_BOUND('',#1240,.T.);
#1363=FACE_BOUND('',#1241,.T.);
#1364=FACE_BOUND('',#1242,.T.);
#1365=FACE_BOUND('',#1243,.T.);
#1366=FACE_BOUND('',#1244,.T.);
#1367=FACE_BOUND('',#1245,.T.);
#1368=FACE_BOUND('',#1246,.T.);
#1369=FACE_BOUND('',#1247,.T.);
#1370=FACE_BOUND('',#1248,.T.);
#1371=FACE_BOUND('',#1249,.T.);
#1372=FACE_BOUND('',#1250,.T.);
#1373=FACE_BOUND('',#1251,.T.);
#1374=FACE_BOUND('',#1252,.T.);
#1375=FACE_BOUND('',#1253,.T.);
#1376=FACE_BOUND('',#1254,.T.);
#1377=FACE_BOUND('',#1255,.T.);
#1378=FACE_BOUND('',#1256,.T.);
#1379=FACE_BOUND('',#1257,.T.);
#1380=FACE_BOUND('',#1258,.T.);
#1381=FACE_BOUND('',#1259,.T.);
#1382=FACE_BOUND('',#1260,.T.);
#1383=FACE_BOUND('',#1261,.T.);
#1384=FACE_BOUND('',#1262,.T.);
#1385=FACE_BOUND('',#1263,.T.);
#1386=FACE_BOUND('',#1264,.T.);
#1387=FACE_BOUND('',#1265,.T.);
#1388=FACE_BOUND('',#1266,.T.);
#1389=FACE_BOUND('',#1267,.T.);
#1390=FACE_BOUND('',#1268,.T.);
#1391=FACE_BOUND('',#1269,.T.);
#1392=FACE_BOUND('',#1270,.T.);
#1393=FACE_BOUND('',#1271,.T.);
#1394=FACE_BOUND('',#1272,.T.);
#1395=FACE_BOUND('',#1273,.T.);
#1396=FACE_BOUND('',#1274,.T.);
#1397=FACE_BOUND('',#1275,.T.);
#1398=FACE_BOUND('',#1276,.T.);
#1399=FACE_BOUND('',#1277,.T.);
#1400=FACE_BOUND('',#1278,.T.);
#1401=FACE_BOUND('',#1279,.T.);
#1402=FACE_BOUND('',#1280,.T.);
#1403=FACE_BOUND('',#1281,.T.);
#1404=FACE_BOUND('',#1282,.T.);
#1405=FACE_BOUND('',#1283,.T.);
#1406=FACE_BOUND('',#1284,.T.);
#1407=FACE_BOUND('',#1285,.T.);
#1408=FACE_BOUND('',#1286,.T.);
#1409=FACE_BOUND('',#1287,.T.);
#1410=FACE_BOUND('',#1288,.T.);
#1411=FACE_BOUND('',#1289,.T.);
#1412=FACE_BOUND('',#1290,.T.);
#1413=FACE_BOUND('',#1291,.T.);
#1414=FACE_BOUND('',#1292,.T.);
#1415=FACE_BOUND('',#1293,.T.);
#1416=FACE_BOUND('',#1294,.T.);
#1417=FACE_BOUND('',#1295,.T.);
#1418=FACE_BOUND('',#1296,.T.);
#1419=FACE_BOUND('',#1297,.T.);
#1420=FACE_BOUND('',#1298,.T.);
#1421=FACE_BOUND('',#1299,.T.);
#1422=FACE_BOUND('',#1300,.T.);
#1423=FACE_BOUND('',#1301,.T.);
#1424=FACE_BOUND('',#1302,.T.);
#1425=FACE_BOUND('',#1303,.T.);
#1426=FACE_BOUND('',#1304,.T.);
#1427=FACE_BOUND('',#1305,.T.);
#1428=FACE_BOUND('',#1306,.T.);
#1429=FACE_BOUND('',#1307,.T.);
#1430=FACE_BOUND('',#1308,.T.);
#1431=FACE_BOUND('',#1309,.T.);
#1432=FACE_BOUND('',#1310,.T.);
#1433=FACE_BOUND('',#1311,.T.);
#1434=FACE_BOUND('',#1312,.T.);
#1435=FACE_BOUND('',#1313,.T.);
#1436=FACE_BOUND('',#1314,.T.);
#1437=FACE_BOUND('',#1315,.T.);
#1438=FACE_BOUND('',#1316,.T.);
#1439=FACE_BOUND('',#1317,.T.);
#1440=FACE_BOUND('',#1318,.T.);
#1441=FACE_BOUND('',#1319,.T.);
#1442=FACE_BOUND('',#1320,.T.);
#1443=FACE_BOUND('',#1321,.T.);
#1444=CYLINDRICAL_SURFACE('',#1585,0.015);
#1445=CYLINDRICAL_SURFACE('',#1602,0.028);
#1446=CYLINDRICAL_SURFACE('',#1615,0.028);
#1447=CYLINDRICAL_SURFACE('',#1628,0.028);
#1448=CYLINDRICAL_SURFACE('',#1641,0.028);
#1449=CYLINDRICAL_SURFACE('',#1654,0.028);
#1450=CYLINDRICAL_SURFACE('',#1667,0.028);
#1451=CYLINDRICAL_SURFACE('',#1680,0.028);
#1452=CYLINDRICAL_SURFACE('',#1693,0.028);
#1453=CYLINDRICAL_SURFACE('',#1706,0.028);
#1454=CYLINDRICAL_SURFACE('',#1719,0.028);
#1455=CYLINDRICAL_SURFACE('',#1732,0.028);
#1456=CYLINDRICAL_SURFACE('',#1737,0.0285);
#1457=CYLINDRICAL_SURFACE('',#1740,0.002375);
#1458=CYLINDRICAL_SURFACE('',#1743,0.002375);
#1459=CYLINDRICAL_SURFACE('',#1746,0.002375);
#1460=CYLINDRICAL_SURFACE('',#1749,0.002375);
#1461=CYLINDRICAL_SURFACE('',#1763,0.005);
#1462=CYLINDRICAL_SURFACE('',#1764,0.005);
#1463=CYLINDRICAL_SURFACE('',#1765,0.005);
#1464=CYLINDRICAL_SURFACE('',#1766,0.005);
#1465=ADVANCED_FACE('',(#1322,#1323,#1324,#1325,#1326,#1327,#1328,#1329,
#1330,#1331,#1332,#1333,#1334),#1444,.T.);
#1466=ADVANCED_FACE('',(#1335),#112,.T.);
#1467=ADVANCED_FACE('',(#1336),#113,.F.);
#1468=ADVANCED_FACE('',(#1337),#90,.F.);
#1469=ADVANCED_FACE('',(#1338),#91,.T.);
#1470=ADVANCED_FACE('',(#1339),#46,.T.);
#1471=ADVANCED_FACE('',(#1340),#47,.T.);
#1472=ADVANCED_FACE('',(#1341),#48,.T.);
#1473=ADVANCED_FACE('',(#1342),#49,.T.);
#1474=ADVANCED_FACE('',(#1343),#1445,.T.);
#1475=ADVANCED_FACE('',(#1344),#92,.F.);
#1476=ADVANCED_FACE('',(#1345),#93,.T.);
#1477=ADVANCED_FACE('',(#1346),#50,.T.);
#1478=ADVANCED_FACE('',(#1347),#51,.T.);
#1479=ADVANCED_FACE('',(#1348),#52,.T.);
#1480=ADVANCED_FACE('',(#1349),#53,.T.);
#1481=ADVANCED_FACE('',(#1350),#1446,.T.);
#1482=ADVANCED_FACE('',(#1351),#94,.F.);
#1483=ADVANCED_FACE('',(#1352),#95,.T.);
#1484=ADVANCED_FACE('',(#1353),#54,.T.);
#1485=ADVANCED_FACE('',(#1354),#55,.T.);
#1486=ADVANCED_FACE('',(#1355),#56,.T.);
#1487=ADVANCED_FACE('',(#1356),#57,.T.);
#1488=ADVANCED_FACE('',(#1357),#1447,.T.);
#1489=ADVANCED_FACE('',(#1358),#96,.F.);
#1490=ADVANCED_FACE('',(#1359),#97,.T.);
#1491=ADVANCED_FACE('',(#1360),#58,.T.);
#1492=ADVANCED_FACE('',(#1361),#59,.T.);
#1493=ADVANCED_FACE('',(#1362),#60,.T.);
#1494=ADVANCED_FACE('',(#1363),#61,.T.);
#1495=ADVANCED_FACE('',(#1364),#1448,.T.);
#1496=ADVANCED_FACE('',(#1365),#98,.F.);
#1497=ADVANCED_FACE('',(#1366),#99,.T.);
#1498=ADVANCED_FACE('',(#1367),#62,.T.);
#1499=ADVANCED_FACE('',(#1368),#63,.T.);
#1500=ADVANCED_FACE('',(#1369),#64,.T.);
#1501=ADVANCED_FACE('',(#1370),#65,.T.);
#1502=ADVANCED_FACE('',(#1371),#1449,.T.);
#1503=ADVANCED_FACE('',(#1372),#100,.F.);
#1504=ADVANCED_FACE('',(#1373),#101,.T.);
#1505=ADVANCED_FACE('',(#1374),#66,.T.);
#1506=ADVANCED_FACE('',(#1375),#67,.T.);
#1507=ADVANCED_FACE('',(#1376),#68,.T.);
#1508=ADVANCED_FACE('',(#1377),#69,.T.);
#1509=ADVANCED_FACE('',(#1378),#1450,.T.);
#1510=ADVANCED_FACE('',(#1379),#102,.F.);
#1511=ADVANCED_FACE('',(#1380),#103,.T.);
#1512=ADVANCED_FACE('',(#1381),#70,.T.);
#1513=ADVANCED_FACE('',(#1382),#71,.T.);
#1514=ADVANCED_FACE('',(#1383),#72,.T.);
#1515=ADVANCED_FACE('',(#1384),#73,.T.);
#1516=ADVANCED_FACE('',(#1385),#1451,.T.);
#1517=ADVANCED_FACE('',(#1386),#104,.F.);
#1518=ADVANCED_FACE('',(#1387),#105,.T.);
#1519=ADVANCED_FACE('',(#1388),#74,.T.);
#1520=ADVANCED_FACE('',(#1389),#75,.T.);
#1521=ADVANCED_FACE('',(#1390),#76,.T.);
#1522=ADVANCED_FACE('',(#1391),#77,.T.);
#1523=ADVANCED_FACE('',(#1392),#1452,.T.);
#1524=ADVANCED_FACE('',(#1393),#106,.F.);
#1525=ADVANCED_FACE('',(#1394),#107,.T.);
#1526=ADVANCED_FACE('',(#1395),#78,.T.);
#1527=ADVANCED_FACE('',(#1396),#79,.T.);
#1528=ADVANCED_FACE('',(#1397),#80,.T.);
#1529=ADVANCED_FACE('',(#1398),#81,.T.);
#1530=ADVANCED_FACE('',(#1399),#1453,.T.);
#1531=ADVANCED_FACE('',(#1400),#108,.F.);
#1532=ADVANCED_FACE('',(#1401),#109,.T.);
#1533=ADVANCED_FACE('',(#1402),#82,.T.);
#1534=ADVANCED_FACE('',(#1403),#83,.T.);
#1535=ADVANCED_FACE('',(#1404),#84,.T.);
#1536=ADVANCED_FACE('',(#1405),#85,.T.);
#1537=ADVANCED_FACE('',(#1406),#1454,.T.);
#1538=ADVANCED_FACE('',(#1407),#110,.F.);
#1539=ADVANCED_FACE('',(#1408),#111,.T.);
#1540=ADVANCED_FACE('',(#1409),#86,.T.);
#1541=ADVANCED_FACE('',(#1410),#87,.T.);
#1542=ADVANCED_FACE('',(#1411),#88,.T.);
#1543=ADVANCED_FACE('',(#1412),#89,.T.);
#1544=ADVANCED_FACE('',(#1413),#1455,.T.);
#1545=ADVANCED_FACE('',(#1414),#114,.T.);
#1546=ADVANCED_FACE('',(#1415),#115,.F.);
#1547=ADVANCED_FACE('',(#1416),#116,.F.);
#1548=ADVANCED_FACE('',(#1417,#1418),#1456,.F.);
#1549=ADVANCED_FACE('',(#1419,#1420),#1457,.F.);
#1550=ADVANCED_FACE('',(#1421,#1422),#1458,.F.);
#1551=ADVANCED_FACE('',(#1423,#1424),#1459,.F.);
#1552=ADVANCED_FACE('',(#1425,#1426),#1460,.F.);
#1553=ADVANCED_FACE('',(#1427),#117,.T.);
#1554=ADVANCED_FACE('',(#1428,#1429,#1430,#1431,#1432,#1433),#118,.T.);
#1555=ADVANCED_FACE('',(#1434,#1435,#1436,#1437,#1438,#1439),#119,.F.);
#1556=ADVANCED_FACE('',(#1440),#1461,.T.);
#1557=ADVANCED_FACE('',(#1441),#1462,.T.);
#1558=ADVANCED_FACE('',(#1442),#1463,.T.);
#1559=ADVANCED_FACE('',(#1443),#1464,.T.);
#1560=CLOSED_SHELL('',(#1465,#1466,#1467,#1468,#1469,#1470,#1471,#1472,
#1473,#1474,#1475,#1476,#1477,#1478,#1479,#1480,#1481,#1482,#1483,#1484,
#1485,#1486,#1487,#1488,#1489,#1490,#1491,#1492,#1493,#1494,#1495,#1496,
#1497,#1498,#1499,#1500,#1501,#1502,#1503,#1504,#1505,#1506,#1507,#1508,
#1509,#1510,#1511,#1512,#1513,#1514,#1515,#1516,#1517,#1518,#1519,#1520,
#1521,#1522,#1523,#1524,#1525,#1526,#1527,#1528,#1529,#1530,#1531,#1532,
#1533,#1534,#1535,#1536,#1537,#1538,#1539,#1540,#1541,#1542,#1543,#1544));
#1561=CLOSED_SHELL('',(#1545,#1546,#1547,#1548,#1549,#1550,#1551,#1552,
#1553,#1554,#1555,#1556,#1557,#1558,#1559));
#1562=STYLED_ITEM('',(#1564),#1578);
#1563=STYLED_ITEM('',(#1565),#1579);
#1564=PRESENTATION_STYLE_ASSIGNMENT((#1566));
#1565=PRESENTATION_STYLE_ASSIGNMENT((#1567));
#1566=SURFACE_STYLE_USAGE(.BOTH.,#1568);
#1567=SURFACE_STYLE_USAGE(.BOTH.,#1569);
#1568=SURFACE_SIDE_STYLE('',(#1570));
#1569=SURFACE_SIDE_STYLE('',(#1571));
#1570=SURFACE_STYLE_FILL_AREA(#1572);
#1571=SURFACE_STYLE_FILL_AREA(#1573);
#1572=FILL_AREA_STYLE('',(#1574));
#1573=FILL_AREA_STYLE('',(#1575));
#1574=FILL_AREA_STYLE_COLOUR('',#1576);
#1575=FILL_AREA_STYLE_COLOUR('',#1577);
#1576=COLOUR_RGB('',0.647058823529412,0.647058823529412,0.647058823529412);
#1577=COLOUR_RGB('',0.615686274509804,0.811764705882353,0.929411764705882);
#1578=MANIFOLD_SOLID_BREP('blade',#1560);
#1579=MANIFOLD_SOLID_BREP('body',#1561);
#1580=SHAPE_DEFINITION_REPRESENTATION(#3081,#1582);
#1581=SHAPE_DEFINITION_REPRESENTATION(#3082,#1583);
#1582=SHAPE_REPRESENTATION('blade',(#1584),#3071);
#1583=SHAPE_REPRESENTATION('body',(#1733),#3072);
#1584=AXIS2_PLACEMENT_3D('',#2149,#1767,#1768);
#1585=AXIS2_PLACEMENT_3D('',#2150,#1769,#1770);
#1586=AXIS2_PLACEMENT_3D('',#2492,#1771,#1772);
#1587=AXIS2_PLACEMENT_3D('',#2494,#1773,#1774);
#1588=AXIS2_PLACEMENT_3D('',#2496,#1775,#1776);
#1589=AXIS2_PLACEMENT_3D('',#2497,#1777,#1778);
#1590=AXIS2_PLACEMENT_3D('',#2498,#1779,#1780);
#1591=AXIS2_PLACEMENT_3D('',#2499,#1781,#1782);
#1592=AXIS2_PLACEMENT_3D('',#2506,#1783,#1784);
#1593=AXIS2_PLACEMENT_3D('',#2507,#1785,#1786);
#1594=AXIS2_PLACEMENT_3D('',#2508,#1787,#1788);
#1595=AXIS2_PLACEMENT_3D('',#2510,#1789,#1790);
#1596=AXIS2_PLACEMENT_3D('',#2516,#1791,#1792);
#1597=AXIS2_PLACEMENT_3D('',#2517,#1793,#1794);
#1598=AXIS2_PLACEMENT_3D('',#2524,#1795,#1796);
#1599=AXIS2_PLACEMENT_3D('',#2529,#1797,#1798);
#1600=AXIS2_PLACEMENT_3D('',#2535,#1799,#1800);
#1601=AXIS2_PLACEMENT_3D('',#2536,#1801,#1802);
#1602=AXIS2_PLACEMENT_3D('',#2542,#1803,#1804);
#1603=AXIS2_PLACEMENT_3D('',#2543,#1805,#1806);
#1604=AXIS2_PLACEMENT_3D('',#2544,#1807,#1808);
#1605=AXIS2_PLACEMENT_3D('',#2551,#1809,#1810);
#1606=AXIS2_PLACEMENT_3D('',#2552,#1811,#1812);
#1607=AXIS2_PLACEMENT_3D('',#2553,#1813,#1814);
#1608=AXIS2_PLACEMENT_3D('',#2555,#1815,#1816);
#1609=AXIS2_PLACEMENT_3D('',#2561,#1817,#1818);
#1610=AXIS2_PLACEMENT_3D('',#2562,#1819,#1820);
#1611=AXIS2_PLACEMENT_3D('',#2569,#1821,#1822);
#1612=AXIS2_PLACEMENT_3D('',#2574,#1823,#1824);
#1613=AXIS2_PLACEMENT_3D('',#2580,#1825,#1826);
#1614=AXIS2_PLACEMENT_3D('',#2581,#1827,#1828);
#1615=AXIS2_PLACEMENT_3D('',#2587,#1829,#1830);
#1616=AXIS2_PLACEMENT_3D('',#2588,#1831,#1832);
#1617=AXIS2_PLACEMENT_3D('',#2589,#1833,#1834);
#1618=AXIS2_PLACEMENT_3D('',#2596,#1835,#1836);
#1619=AXIS2_PLACEMENT_3D('',#2597,#1837,#1838);
#1620=AXIS2_PLACEMENT_3D('',#2598,#1839,#1840);
#1621=AXIS2_PLACEMENT_3D('',#2600,#1841,#1842);
#1622=AXIS2_PLACEMENT_3D('',#2606,#1843,#1844);
#1623=AXIS2_PLACEMENT_3D('',#2607,#1845,#1846);
#1624=AXIS2_PLACEMENT_3D('',#2614,#1847,#1848);
#1625=AXIS2_PLACEMENT_3D('',#2619,#1849,#1850);
#1626=AXIS2_PLACEMENT_3D('',#2625,#1851,#1852);
#1627=AXIS2_PLACEMENT_3D('',#2626,#1853,#1854);
#1628=AXIS2_PLACEMENT_3D('',#2632,#1855,#1856);
#1629=AXIS2_PLACEMENT_3D('',#2633,#1857,#1858);
#1630=AXIS2_PLACEMENT_3D('',#2634,#1859,#1860);
#1631=AXIS2_PLACEMENT_3D('',#2641,#1861,#1862);
#1632=AXIS2_PLACEMENT_3D('',#2642,#1863,#1864);
#1633=AXIS2_PLACEMENT_3D('',#2643,#1865,#1866);
#1634=AXIS2_PLACEMENT_3D('',#2645,#1867,#1868);
#1635=AXIS2_PLACEMENT_3D('',#2651,#1869,#1870);
#1636=AXIS2_PLACEMENT_3D('',#2652,#1871,#1872);
#1637=AXIS2_PLACEMENT_3D('',#2659,#1873,#1874);
#1638=AXIS2_PLACEMENT_3D('',#2664,#1875,#1876);
#1639=AXIS2_PLACEMENT_3D('',#2670,#1877,#1878);
#1640=AXIS2_PLACEMENT_3D('',#2671,#1879,#1880);
#1641=AXIS2_PLACEMENT_3D('',#2677,#1881,#1882);
#1642=AXIS2_PLACEMENT_3D('',#2678,#1883,#1884);
#1643=AXIS2_PLACEMENT_3D('',#2679,#1885,#1886);
#1644=AXIS2_PLACEMENT_3D('',#2686,#1887,#1888);
#1645=AXIS2_PLACEMENT_3D('',#2687,#1889,#1890);
#1646=AXIS2_PLACEMENT_3D('',#2688,#1891,#1892);
#1647=AXIS2_PLACEMENT_3D('',#2690,#1893,#1894);
#1648=AXIS2_PLACEMENT_3D('',#2696,#1895,#1896);
#1649=AXIS2_PLACEMENT_3D('',#2697,#1897,#1898);
#1650=AXIS2_PLACEMENT_3D('',#2704,#1899,#1900);
#1651=AXIS2_PLACEMENT_3D('',#2709,#1901,#1902);
#1652=AXIS2_PLACEMENT_3D('',#2715,#1903,#1904);
#1653=AXIS2_PLACEMENT_3D('',#2716,#1905,#1906);
#1654=AXIS2_PLACEMENT_3D('',#2722,#1907,#1908);
#1655=AXIS2_PLACEMENT_3D('',#2723,#1909,#1910);
#1656=AXIS2_PLACEMENT_3D('',#2724,#1911,#1912);
#1657=AXIS2_PLACEMENT_3D('',#2731,#1913,#1914);
#1658=AXIS2_PLACEMENT_3D('',#2732,#1915,#1916);
#1659=AXIS2_PLACEMENT_3D('',#2733,#1917,#1918);
#1660=AXIS2_PLACEMENT_3D('',#2735,#1919,#1920);
#1661=AXIS2_PLACEMENT_3D('',#2741,#1921,#1922);
#1662=AXIS2_PLACEMENT_3D('',#2742,#1923,#1924);
#1663=AXIS2_PLACEMENT_3D('',#2749,#1925,#1926);
#1664=AXIS2_PLACEMENT_3D('',#2754,#1927,#1928);
#1665=AXIS2_PLACEMENT_3D('',#2760,#1929,#1930);
#1666=AXIS2_PLACEMENT_3D('',#2761,#1931,#1932);
#1667=AXIS2_PLACEMENT_3D('',#2767,#1933,#1934);
#1668=AXIS2_PLACEMENT_3D('',#2768,#1935,#1936);
#1669=AXIS2_PLACEMENT_3D('',#2769,#1937,#1938);
#1670=AXIS2_PLACEMENT_3D('',#2776,#1939,#1940);
#1671=AXIS2_PLACEMENT_3D('',#2777,#1941,#1942);
#1672=AXIS2_PLACEMENT_3D('',#2778,#1943,#1944);
#1673=AXIS2_PLACEMENT_3D('',#2780,#1945,#1946);
#1674=AXIS2_PLACEMENT_3D('',#2786,#1947,#1948);
#1675=AXIS2_PLACEMENT_3D('',#2787,#1949,#1950);
#1676=AXIS2_PLACEMENT_3D('',#2794,#1951,#1952);
#1677=AXIS2_PLACEMENT_3D('',#2799,#1953,#1954);
#1678=AXIS2_PLACEMENT_3D('',#2805,#1955,#1956);
#1679=AXIS2_PLACEMENT_3D('',#2806,#1957,#1958);
#1680=AXIS2_PLACEMENT_3D('',#2812,#1959,#1960);
#1681=AXIS2_PLACEMENT_3D('',#2813,#1961,#1962);
#1682=AXIS2_PLACEMENT_3D('',#2814,#1963,#1964);
#1683=AXIS2_PLACEMENT_3D('',#2821,#1965,#1966);
#1684=AXIS2_PLACEMENT_3D('',#2822,#1967,#1968);
#1685=AXIS2_PLACEMENT_3D('',#2823,#1969,#1970);
#1686=AXIS2_PLACEMENT_3D('',#2825,#1971,#1972);
#1687=AXIS2_PLACEMENT_3D('',#2831,#1973,#1974);
#1688=AXIS2_PLACEMENT_3D('',#2832,#1975,#1976);
#1689=AXIS2_PLACEMENT_3D('',#2839,#1977,#1978);
#1690=AXIS2_PLACEMENT_3D('',#2844,#1979,#1980);
#1691=AXIS2_PLACEMENT_3D('',#2850,#1981,#1982);
#1692=AXIS2_PLACEMENT_3D('',#2851,#1983,#1984);
#1693=AXIS2_PLACEMENT_3D('',#2857,#1985,#1986);
#1694=AXIS2_PLACEMENT_3D('',#2858,#1987,#1988);
#1695=AXIS2_PLACEMENT_3D('',#2859,#1989,#1990);
#1696=AXIS2_PLACEMENT_3D('',#2866,#1991,#1992);
#1697=AXIS2_PLACEMENT_3D('',#2867,#1993,#1994);
#1698=AXIS2_PLACEMENT_3D('',#2868,#1995,#1996);
#1699=AXIS2_PLACEMENT_3D('',#2870,#1997,#1998);
#1700=AXIS2_PLACEMENT_3D('',#2876,#1999,#2000);
#1701=AXIS2_PLACEMENT_3D('',#2877,#2001,#2002);
#1702=AXIS2_PLACEMENT_3D('',#2884,#2003,#2004);
#1703=AXIS2_PLACEMENT_3D('',#2889,#2005,#2006);
#1704=AXIS2_PLACEMENT_3D('',#2895,#2007,#2008);
#1705=AXIS2_PLACEMENT_3D('',#2896,#2009,#2010);
#1706=AXIS2_PLACEMENT_3D('',#2902,#2011,#2012);
#1707=AXIS2_PLACEMENT_3D('',#2903,#2013,#2014);
#1708=AXIS2_PLACEMENT_3D('',#2904,#2015,#2016);
#1709=AXIS2_PLACEMENT_3D('',#2911,#2017,#2018);
#1710=AXIS2_PLACEMENT_3D('',#2912,#2019,#2020);
#1711=AXIS2_PLACEMENT_3D('',#2913,#2021,#2022);
#1712=AXIS2_PLACEMENT_3D('',#2915,#2023,#2024);
#1713=AXIS2_PLACEMENT_3D('',#2921,#2025,#2026);
#1714=AXIS2_PLACEMENT_3D('',#2922,#2027,#2028);
#1715=AXIS2_PLACEMENT_3D('',#2929,#2029,#2030);
#1716=AXIS2_PLACEMENT_3D('',#2934,#2031,#2032);
#1717=AXIS2_PLACEMENT_3D('',#2940,#2033,#2034);
#1718=AXIS2_PLACEMENT_3D('',#2941,#2035,#2036);
#1719=AXIS2_PLACEMENT_3D('',#2947,#2037,#2038);
#1720=AXIS2_PLACEMENT_3D('',#2948,#2039,#2040);
#1721=AXIS2_PLACEMENT_3D('',#2949,#2041,#2042);
#1722=AXIS2_PLACEMENT_3D('',#2956,#2043,#2044);
#1723=AXIS2_PLACEMENT_3D('',#2957,#2045,#2046);
#1724=AXIS2_PLACEMENT_3D('',#2958,#2047,#2048);
#1725=AXIS2_PLACEMENT_3D('',#2960,#2049,#2050);
#1726=AXIS2_PLACEMENT_3D('',#2966,#2051,#2052);
#1727=AXIS2_PLACEMENT_3D('',#2967,#2053,#2054);
#1728=AXIS2_PLACEMENT_3D('',#2974,#2055,#2056);
#1729=AXIS2_PLACEMENT_3D('',#2979,#2057,#2058);
#1730=AXIS2_PLACEMENT_3D('',#2985,#2059,#2060);
#1731=AXIS2_PLACEMENT_3D('',#2986,#2061,#2062);
#1732=AXIS2_PLACEMENT_3D('',#2992,#2063,#2064);
#1733=AXIS2_PLACEMENT_3D('',#2993,#2065,#2066);
#1734=AXIS2_PLACEMENT_3D('',#2994,#2067,#2068);
#1735=AXIS2_PLACEMENT_3D('',#3003,#2073,#2074);
#1736=AXIS2_PLACEMENT_3D('',#3012,#2079,#2080);
#1737=AXIS2_PLACEMENT_3D('',#3021,#2085,#2086);
#1738=AXIS2_PLACEMENT_3D('',#3022,#2087,#2088);
#1739=AXIS2_PLACEMENT_3D('',#3024,#2089,#2090);
#1740=AXIS2_PLACEMENT_3D('',#3026,#2091,#2092);
#1741=AXIS2_PLACEMENT_3D('',#3027,#2093,#2094);
#1742=AXIS2_PLACEMENT_3D('',#3029,#2095,#2096);
#1743=AXIS2_PLACEMENT_3D('',#3031,#2097,#2098);
#1744=AXIS2_PLACEMENT_3D('',#3032,#2099,#2100);
#1745=AXIS2_PLACEMENT_3D('',#3034,#2101,#2102);
#1746=AXIS2_PLACEMENT_3D('',#3036,#2103,#2104);
#1747=AXIS2_PLACEMENT_3D('',#3037,#2105,#2106);
#1748=AXIS2_PLACEMENT_3D('',#3039,#2107,#2108);
#1749=AXIS2_PLACEMENT_3D('',#3041,#2109,#2110);
#1750=AXIS2_PLACEMENT_3D('',#3042,#2111,#2112);
#1751=AXIS2_PLACEMENT_3D('',#3044,#2113,#2114);
#1752=AXIS2_PLACEMENT_3D('',#3046,#2115,#2116);
#1753=AXIS2_PLACEMENT_3D('',#3055,#2121,#2122);
#1754=AXIS2_PLACEMENT_3D('',#3056,#2123,#2124);
#1755=AXIS2_PLACEMENT_3D('',#3057,#2125,#2126);
#1756=AXIS2_PLACEMENT_3D('',#3058,#2127,#2128);
#1757=AXIS2_PLACEMENT_3D('',#3059,#2129,#2130);
#1758=AXIS2_PLACEMENT_3D('',#3060,#2131,#2132);
#1759=AXIS2_PLACEMENT_3D('',#3061,#2133,#2134);
#1760=AXIS2_PLACEMENT_3D('',#3062,#2135,#2136);
#1761=AXIS2_PLACEMENT_3D('',#3063,#2137,#2138);
#1762=AXIS2_PLACEMENT_3D('',#3064,#2139,#2140);
#1763=AXIS2_PLACEMENT_3D('',#3065,#2141,#2142);
#1764=AXIS2_PLACEMENT_3D('',#3066,#2143,#2144);
#1765=AXIS2_PLACEMENT_3D('',#3067,#2145,#2146);
#1766=AXIS2_PLACEMENT_3D('',#3068,#2147,#2148);
#1767=DIRECTION('',(0.,0.,1.));
#1768=DIRECTION('',(1.,0.,0.));
#1769=DIRECTION('',(0.,0.,-1.));
#1770=DIRECTION('',(-1.,0.,0.));
#1771=DIRECTION('',(0.,0.,1.));
#1772=DIRECTION('',(1.,0.,0.));
#1773=DIRECTION('',(0.,0.,1.));
#1774=DIRECTION('',(1.,0.,0.));
#1775=DIRECTION('',(0.,0.,1.));
#1776=DIRECTION('',(1.,0.,0.));
#1777=DIRECTION('',(0.,0.,1.));
#1778=DIRECTION('',(1.,0.,0.));
#1779=DIRECTION('',(0.,0.,-1.));
#1780=DIRECTION('',(1.,0.,0.));
#1781=DIRECTION('',(0.,0.,1.));
#1782=DIRECTION('',(1.,0.,0.));
#1783=DIRECTION('',(0.,0.,1.));
#1784=DIRECTION('',(1.,0.,0.));
#1785=DIRECTION('',(0.,0.,-1.));
#1786=DIRECTION('',(1.,0.,0.));
#1787=DIRECTION('',(0.,0.,-1.));
#1788=DIRECTION('',(-1.,0.,0.));
#1789=DIRECTION('',(0.,0.,-1.));
#1790=DIRECTION('',(-1.,0.,0.));
#1791=DIRECTION('',(0.,0.,1.));
#1792=DIRECTION('',(1.,0.,0.));
#1793=DIRECTION('',(0.,0.,-1.));
#1794=DIRECTION('',(-1.,0.,0.));
#1795=DIRECTION('',(0.,0.,1.));
#1796=DIRECTION('',(1.,0.,0.));
#1797=DIRECTION('',(0.,0.,-1.));
#1798=DIRECTION('',(-1.,0.,0.));
#1799=DIRECTION('',(0.,0.,1.));
#1800=DIRECTION('',(1.,0.,0.));
#1801=DIRECTION('',(0.,0.,-1.));
#1802=DIRECTION('',(-1.,0.,0.));
#1803=DIRECTION('',(0.,0.,-1.));
#1804=DIRECTION('',(-1.,0.,0.));
#1805=DIRECTION('',(0.,0.,-1.));
#1806=DIRECTION('',(0.841253532831181,0.540640817455598,0.));
#1807=DIRECTION('',(0.,0.,1.));
#1808=DIRECTION('',(0.841253532831181,0.540640817455598,0.));
#1809=DIRECTION('',(0.,0.,1.));
#1810=DIRECTION('',(0.841253532831181,0.540640817455598,0.));
#1811=DIRECTION('',(0.,0.,-1.));
#1812=DIRECTION('',(0.841253532831181,0.540640817455598,0.));
#1813=DIRECTION('',(0.,0.,-1.));
#1814=DIRECTION('',(-0.841253532831181,-0.540640817455598,0.));
#1815=DIRECTION('',(0.,0.,-1.));
#1816=DIRECTION('',(-0.841253532831181,-0.540640817455598,0.));
#1817=DIRECTION('',(0.,0.,1.));
#1818=DIRECTION('',(0.841253532831181,0.540640817455598,0.));
#1819=DIRECTION('',(0.,0.,-1.));
#1820=DIRECTION('',(-0.841253532831181,-0.540640817455598,0.));
#1821=DIRECTION('',(0.,0.,1.));
#1822=DIRECTION('',(0.841253532831181,0.540640817455598,0.));
#1823=DIRECTION('',(0.,0.,-1.));
#1824=DIRECTION('',(-0.841253532831181,-0.540640817455598,0.));
#1825=DIRECTION('',(0.,0.,1.));
#1826=DIRECTION('',(0.841253532831181,0.540640817455598,0.));
#1827=DIRECTION('',(0.,0.,-1.));
#1828=DIRECTION('',(-0.841253532831181,-0.540640817455598,0.));
#1829=DIRECTION('',(0.,0.,-1.));
#1830=DIRECTION('',(-0.841253532831181,-0.540640817455598,0.));
#1831=DIRECTION('',(0.,0.,-1.));
#1832=DIRECTION('',(0.415415013001886,0.909631995354518,0.));
#1833=DIRECTION('',(0.,0.,1.));
#1834=DIRECTION('',(0.415415013001886,0.909631995354518,0.));
#1835=DIRECTION('',(0.,0.,1.));
#1836=DIRECTION('',(0.415415013001886,0.909631995354518,0.));
#1837=DIRECTION('',(0.,0.,-1.));
#1838=DIRECTION('',(0.415415013001886,0.909631995354518,0.));
#1839=DIRECTION('',(0.,0.,-1.));
#1840=DIRECTION('',(-0.415415013001886,-0.909631995354518,0.));
#1841=DIRECTION('',(0.,0.,-1.));
#1842=DIRECTION('',(-0.415415013001886,-0.909631995354518,0.));
#1843=DIRECTION('',(0.,0.,1.));
#1844=DIRECTION('',(0.415415013001886,0.909631995354518,0.));
#1845=DIRECTION('',(0.,0.,-1.));
#1846=DIRECTION('',(-0.415415013001886,-0.909631995354518,0.));
#1847=DIRECTION('',(0.,0.,1.));
#1848=DIRECTION('',(0.415415013001886,0.909631995354518,0.));
#1849=DIRECTION('',(0.,0.,-1.));
#1850=DIRECTION('',(-0.415415013001886,-0.909631995354518,0.));
#1851=DIRECTION('',(0.,0.,1.));
#1852=DIRECTION('',(0.415415013001886,0.909631995354518,0.));
#1853=DIRECTION('',(0.,0.,-1.));
#1854=DIRECTION('',(-0.415415013001886,-0.909631995354518,0.));
#1855=DIRECTION('',(0.,0.,-1.));
#1856=DIRECTION('',(-0.415415013001886,-0.909631995354518,0.));
#1857=DIRECTION('',(0.,0.,-1.));
#1858=DIRECTION('',(-0.142314838273285,0.989821441880933,0.));
#1859=DIRECTION('',(0.,0.,1.));
#1860=DIRECTION('',(-0.142314838273285,0.989821441880933,0.));
#1861=DIRECTION('',(0.,0.,1.));
#1862=DIRECTION('',(-0.142314838273285,0.989821441880933,0.));
#1863=DIRECTION('',(0.,0.,-1.));
#1864=DIRECTION('',(-0.142314838273285,0.989821441880933,0.));
#1865=DIRECTION('',(0.,0.,-1.));
#1866=DIRECTION('',(0.142314838273285,-0.989821441880933,0.));
#1867=DIRECTION('',(0.,0.,-1.));
#1868=DIRECTION('',(0.142314838273285,-0.989821441880933,0.));
#1869=DIRECTION('',(0.,0.,1.));
#1870=DIRECTION('',(-0.142314838273285,0.989821441880933,0.));
#1871=DIRECTION('',(0.,0.,-1.));
#1872=DIRECTION('',(0.142314838273285,-0.989821441880933,0.));
#1873=DIRECTION('',(0.,0.,1.));
#1874=DIRECTION('',(-0.142314838273285,0.989821441880933,0.));
#1875=DIRECTION('',(0.,0.,-1.));
#1876=DIRECTION('',(0.142314838273285,-0.989821441880933,0.));
#1877=DIRECTION('',(0.,0.,1.));
#1878=DIRECTION('',(-0.142314838273285,0.989821441880933,0.));
#1879=DIRECTION('',(0.,0.,-1.));
#1880=DIRECTION('',(0.142314838273285,-0.989821441880933,0.));
#1881=DIRECTION('',(0.,0.,-1.));
#1882=DIRECTION('',(0.142314838273285,-0.989821441880933,0.));
#1883=DIRECTION('',(0.,0.,-1.));
#1884=DIRECTION('',(-0.654860733945285,0.755749574354258,0.));
#1885=DIRECTION('',(0.,0.,1.));
#1886=DIRECTION('',(-0.654860733945285,0.755749574354258,0.));
#1887=DIRECTION('',(0.,0.,1.));
#1888=DIRECTION('',(-0.654860733945285,0.755749574354258,0.));
#1889=DIRECTION('',(0.,0.,-1.));
#1890=DIRECTION('',(-0.654860733945285,0.755749574354258,0.));
#1891=DIRECTION('',(0.,0.,-1.));
#1892=DIRECTION('',(0.654860733945285,-0.755749574354258,0.));
#1893=DIRECTION('',(0.,0.,-1.));
#1894=DIRECTION('',(0.654860733945285,-0.755749574354258,0.));
#1895=DIRECTION('',(0.,0.,1.));
#1896=DIRECTION('',(-0.654860733945285,0.755749574354258,0.));
#1897=DIRECTION('',(0.,0.,-1.));
#1898=DIRECTION('',(0.654860733945285,-0.755749574354258,0.));
#1899=DIRECTION('',(0.,0.,1.));
#1900=DIRECTION('',(-0.654860733945285,0.755749574354258,0.));
#1901=DIRECTION('',(0.,0.,-1.));
#1902=DIRECTION('',(0.654860733945285,-0.755749574354258,0.));
#1903=DIRECTION('',(0.,0.,1.));
#1904=DIRECTION('',(-0.654860733945285,0.755749574354258,0.));
#1905=DIRECTION('',(0.,0.,-1.));
#1906=DIRECTION('',(0.654860733945285,-0.755749574354258,0.));
#1907=DIRECTION('',(0.,0.,-1.));
#1908=DIRECTION('',(0.654860733945285,-0.755749574354258,0.));
#1909=DIRECTION('',(0.,0.,-1.));
#1910=DIRECTION('',(-0.959492973614497,0.28173255684143,0.));
#1911=DIRECTION('',(0.,0.,1.));
#1912=DIRECTION('',(-0.959492973614497,0.28173255684143,0.));
#1913=DIRECTION('',(0.,0.,1.));
#1914=DIRECTION('',(-0.959492973614497,0.28173255684143,0.));
#1915=DIRECTION('',(0.,0.,-1.));
#1916=DIRECTION('',(-0.959492973614497,0.28173255684143,0.));
#1917=DIRECTION('',(0.,0.,-1.));
#1918=DIRECTION('',(0.959492973614497,-0.28173255684143,0.));
#1919=DIRECTION('',(0.,0.,-1.));
#1920=DIRECTION('',(0.959492973614497,-0.28173255684143,0.));
#1921=DIRECTION('',(0.,0.,1.));
#1922=DIRECTION('',(-0.959492973614497,0.28173255684143,0.));
#1923=DIRECTION('',(0.,0.,-1.));
#1924=DIRECTION('',(0.959492973614497,-0.28173255684143,0.));
#1925=DIRECTION('',(0.,0.,1.));
#1926=DIRECTION('',(-0.959492973614497,0.28173255684143,0.));
#1927=DIRECTION('',(0.,0.,-1.));
#1928=DIRECTION('',(0.959492973614497,-0.28173255684143,0.));
#1929=DIRECTION('',(0.,0.,1.));
#1930=DIRECTION('',(-0.959492973614497,0.28173255684143,0.));
#1931=DIRECTION('',(0.,0.,-1.));
#1932=DIRECTION('',(0.959492973614497,-0.28173255684143,0.));
#1933=DIRECTION('',(0.,0.,-1.));
#1934=DIRECTION('',(0.959492973614497,-0.28173255684143,0.));
#1935=DIRECTION('',(0.,0.,-1.));
#1936=DIRECTION('',(-0.959492973614497,-0.28173255684143,0.));
#1937=DIRECTION('',(0.,0.,1.));
#1938=DIRECTION('',(-0.959492973614497,-0.28173255684143,0.));
#1939=DIRECTION('',(0.,0.,1.));
#1940=DIRECTION('',(-0.959492973614497,-0.28173255684143,0.));
#1941=DIRECTION('',(0.,0.,-1.));
#1942=DIRECTION('',(-0.959492973614497,-0.28173255684143,0.));
#1943=DIRECTION('',(0.,0.,-1.));
#1944=DIRECTION('',(0.959492973614497,0.28173255684143,0.));
#1945=DIRECTION('',(0.,0.,-1.));
#1946=DIRECTION('',(0.959492973614497,0.28173255684143,0.));
#1947=DIRECTION('',(0.,0.,1.));
#1948=DIRECTION('',(-0.959492973614497,-0.28173255684143,0.));
#1949=DIRECTION('',(0.,0.,-1.));
#1950=DIRECTION('',(0.959492973614497,0.28173255684143,0.));
#1951=DIRECTION('',(0.,0.,1.));
#1952=DIRECTION('',(-0.959492973614497,-0.28173255684143,0.));
#1953=DIRECTION('',(0.,0.,-1.));
#1954=DIRECTION('',(0.959492973614497,0.28173255684143,0.));
#1955=DIRECTION('',(0.,0.,1.));
#1956=DIRECTION('',(-0.959492973614497,-0.28173255684143,0.));
#1957=DIRECTION('',(0.,0.,-1.));
#1958=DIRECTION('',(0.959492973614497,0.28173255684143,0.));
#1959=DIRECTION('',(0.,0.,-1.));
#1960=DIRECTION('',(0.959492973614497,0.28173255684143,0.));
#1961=DIRECTION('',(0.,0.,-1.));
#1962=DIRECTION('',(-0.654860733945285,-0.755749574354258,0.));
#1963=DIRECTION('',(0.,0.,1.));
#1964=DIRECTION('',(-0.654860733945285,-0.755749574354258,0.));
#1965=DIRECTION('',(0.,0.,1.));
#1966=DIRECTION('',(-0.654860733945285,-0.755749574354258,0.));
#1967=DIRECTION('',(0.,0.,-1.));
#1968=DIRECTION('',(-0.654860733945285,-0.755749574354258,0.));
#1969=DIRECTION('',(0.,0.,-1.));
#1970=DIRECTION('',(0.654860733945285,0.755749574354258,0.));
#1971=DIRECTION('',(0.,0.,-1.));
#1972=DIRECTION('',(0.654860733945285,0.755749574354258,0.));
#1973=DIRECTION('',(0.,0.,1.));
#1974=DIRECTION('',(-0.654860733945285,-0.755749574354258,0.));
#1975=DIRECTION('',(0.,0.,-1.));
#1976=DIRECTION('',(0.654860733945285,0.755749574354258,0.));
#1977=DIRECTION('',(0.,0.,1.));
#1978=DIRECTION('',(-0.654860733945285,-0.755749574354258,0.));
#1979=DIRECTION('',(0.,0.,-1.));
#1980=DIRECTION('',(0.654860733945285,0.755749574354258,0.));
#1981=DIRECTION('',(0.,0.,1.));
#1982=DIRECTION('',(-0.654860733945285,-0.755749574354258,0.));
#1983=DIRECTION('',(0.,0.,-1.));
#1984=DIRECTION('',(0.654860733945285,0.755749574354258,0.));
#1985=DIRECTION('',(0.,0.,-1.));
#1986=DIRECTION('',(0.654860733945285,0.755749574354258,0.));
#1987=DIRECTION('',(0.,0.,-1.));
#1988=DIRECTION('',(-0.142314838273285,-0.989821441880933,0.));
#1989=DIRECTION('',(0.,0.,1.));
#1990=DIRECTION('',(-0.142314838273285,-0.989821441880933,0.));
#1991=DIRECTION('',(0.,0.,1.));
#1992=DIRECTION('',(-0.142314838273285,-0.989821441880933,0.));
#1993=DIRECTION('',(0.,0.,-1.));
#1994=DIRECTION('',(-0.142314838273285,-0.989821441880933,0.));
#1995=DIRECTION('',(0.,0.,-1.));
#1996=DIRECTION('',(0.142314838273285,0.989821441880933,0.));
#1997=DIRECTION('',(0.,0.,-1.));
#1998=DIRECTION('',(0.142314838273285,0.989821441880933,0.));
#1999=DIRECTION('',(0.,0.,1.));
#2000=DIRECTION('',(-0.142314838273285,-0.989821441880933,0.));
#2001=DIRECTION('',(0.,0.,-1.));
#2002=DIRECTION('',(0.142314838273285,0.989821441880933,0.));
#2003=DIRECTION('',(0.,0.,1.));
#2004=DIRECTION('',(-0.142314838273285,-0.989821441880933,0.));
#2005=DIRECTION('',(0.,0.,-1.));
#2006=DIRECTION('',(0.142314838273285,0.989821441880933,0.));
#2007=DIRECTION('',(0.,0.,1.));
#2008=DIRECTION('',(-0.142314838273285,-0.989821441880933,0.));
#2009=DIRECTION('',(0.,0.,-1.));
#2010=DIRECTION('',(0.142314838273285,0.989821441880933,0.));
#2011=DIRECTION('',(0.,0.,-1.));
#2012=DIRECTION('',(0.142314838273285,0.989821441880933,0.));
#2013=DIRECTION('',(0.,0.,-1.));
#2014=DIRECTION('',(0.415415013001886,-0.909631995354519,0.));
#2015=DIRECTION('',(0.,0.,1.));
#2016=DIRECTION('',(0.415415013001886,-0.909631995354519,0.));
#2017=DIRECTION('',(0.,0.,1.));
#2018=DIRECTION('',(0.415415013001886,-0.909631995354519,0.));
#2019=DIRECTION('',(0.,0.,-1.));
#2020=DIRECTION('',(0.415415013001886,-0.909631995354519,0.));
#2021=DIRECTION('',(0.,0.,-1.));
#2022=DIRECTION('',(-0.415415013001886,0.909631995354519,0.));
#2023=DIRECTION('',(0.,0.,-1.));
#2024=DIRECTION('',(-0.415415013001886,0.909631995354519,0.));
#2025=DIRECTION('',(0.,0.,1.));
#2026=DIRECTION('',(0.415415013001886,-0.909631995354519,0.));
#2027=DIRECTION('',(0.,0.,-1.));
#2028=DIRECTION('',(-0.415415013001886,0.909631995354519,0.));
#2029=DIRECTION('',(0.,0.,1.));
#2030=DIRECTION('',(0.415415013001886,-0.909631995354519,0.));
#2031=DIRECTION('',(0.,0.,-1.));
#2032=DIRECTION('',(-0.415415013001886,0.909631995354519,0.));
#2033=DIRECTION('',(0.,0.,1.));
#2034=DIRECTION('',(0.415415013001886,-0.909631995354519,0.));
#2035=DIRECTION('',(0.,0.,-1.));
#2036=DIRECTION('',(-0.415415013001886,0.909631995354519,0.));
#2037=DIRECTION('',(0.,0.,-1.));
#2038=DIRECTION('',(-0.415415013001886,0.909631995354519,0.));
#2039=DIRECTION('',(0.,0.,-1.));
#2040=DIRECTION('',(0.841253532831181,-0.540640817455597,0.));
#2041=DIRECTION('',(0.,0.,1.));
#2042=DIRECTION('',(0.841253532831181,-0.540640817455597,0.));
#2043=DIRECTION('',(0.,0.,1.));
#2044=DIRECTION('',(0.841253532831181,-0.540640817455597,0.));
#2045=DIRECTION('',(0.,0.,-1.));
#2046=DIRECTION('',(0.841253532831181,-0.540640817455597,0.));
#2047=DIRECTION('',(0.,0.,-1.));
#2048=DIRECTION('',(-0.841253532831181,0.540640817455597,0.));
#2049=DIRECTION('',(0.,0.,-1.));
#2050=DIRECTION('',(-0.841253532831181,0.540640817455597,0.));
#2051=DIRECTION('',(0.,0.,1.));
#2052=DIRECTION('',(0.841253532831181,-0.540640817455597,0.));
#2053=DIRECTION('',(0.,0.,-1.));
#2054=DIRECTION('',(-0.841253532831181,0.540640817455597,0.));
#2055=DIRECTION('',(0.,0.,1.));
#2056=DIRECTION('',(0.841253532831181,-0.540640817455597,0.));
#2057=DIRECTION('',(0.,0.,-1.));
#2058=DIRECTION('',(-0.841253532831181,0.540640817455597,0.));
#2059=DIRECTION('',(0.,0.,1.));
#2060=DIRECTION('',(0.841253532831181,-0.540640817455597,0.));
#2061=DIRECTION('',(0.,0.,-1.));
#2062=DIRECTION('',(-0.841253532831181,0.540640817455597,0.));
#2063=DIRECTION('',(0.,0.,-1.));
#2064=DIRECTION('',(-0.841253532831181,0.540640817455597,0.));
#2065=DIRECTION('',(0.,0.,1.));
#2066=DIRECTION('',(1.,0.,0.));
#2067=DIRECTION('',(0.,1.,0.));
#2068=DIRECTION('',(0.,0.,1.));
#2069=DIRECTION('',(1.,0.,0.));
#2070=DIRECTION('',(0.,0.,-1.));
#2071=DIRECTION('',(1.,0.,0.));
#2072=DIRECTION('',(0.,0.,-1.));
#2073=DIRECTION('',(1.,-1.7347234759768E-16,0.));
#2074=DIRECTION('',(1.7347234759768E-16,1.,0.));
#2075=DIRECTION('',(-1.7347234759768E-16,-1.,0.));
#2076=DIRECTION('',(0.,0.,-1.));
#2077=DIRECTION('',(-1.7347234759768E-16,-1.,0.));
#2078=DIRECTION('',(0.,0.,-1.));
#2079=DIRECTION('',(0.,1.,0.));
#2080=DIRECTION('',(0.,0.,1.));
#2081=DIRECTION('',(1.,0.,0.));
#2082=DIRECTION('',(0.,0.,-1.));
#2083=DIRECTION('',(1.,0.,0.));
#2084=DIRECTION('',(0.,0.,-1.));
#2085=DIRECTION('',(0.,0.,-1.));
#2086=DIRECTION('',(-1.,0.,0.));
#2087=DIRECTION('',(0.,0.,1.));
#2088=DIRECTION('',(1.,0.,0.));
#2089=DIRECTION('',(0.,0.,1.));
#2090=DIRECTION('',(1.,0.,0.));
#2091=DIRECTION('',(0.,0.,-1.));
#2092=DIRECTION('',(-1.,0.,0.));
#2093=DIRECTION('',(0.,0.,1.));
#2094=DIRECTION('',(1.,0.,0.));
#2095=DIRECTION('',(0.,0.,1.));
#2096=DIRECTION('',(1.,0.,0.));
#2097=DIRECTION('',(0.,0.,-1.));
#2098=DIRECTION('',(-1.,0.,0.));
#2099=DIRECTION('',(0.,0.,-1.));
#2100=DIRECTION('',(1.,0.,0.));
#2101=DIRECTION('',(0.,0.,-1.));
#2102=DIRECTION('',(1.,0.,0.));
#2103=DIRECTION('',(0.,0.,-1.));
#2104=DIRECTION('',(-1.,0.,0.));
#2105=DIRECTION('',(0.,0.,1.));
#2106=DIRECTION('',(1.,0.,0.));
#2107=DIRECTION('',(0.,0.,1.));
#2108=DIRECTION('',(1.,0.,0.));
#2109=DIRECTION('',(0.,0.,-1.));
#2110=DIRECTION('',(-1.,0.,0.));
#2111=DIRECTION('',(0.,0.,-1.));
#2112=DIRECTION('',(1.,0.,0.));
#2113=DIRECTION('',(0.,0.,-1.));
#2114=DIRECTION('',(1.,0.,0.));
#2115=DIRECTION('',(1.,-1.7347234759768E-16,0.));
#2116=DIRECTION('',(1.7347234759768E-16,1.,0.));
#2117=DIRECTION('',(-1.7347234759768E-16,-1.,0.));
#2118=DIRECTION('',(0.,0.,-1.));
#2119=DIRECTION('',(-1.7347234759768E-16,-1.,0.));
#2120=DIRECTION('',(0.,0.,-1.));
#2121=DIRECTION('',(0.,0.,1.));
#2122=DIRECTION('',(1.,0.,0.));
#2123=DIRECTION('',(0.,0.,1.));
#2124=DIRECTION('',(1.,0.,0.));
#2125=DIRECTION('',(0.,0.,1.));
#2126=DIRECTION('',(1.,0.,0.));
#2127=DIRECTION('',(0.,0.,1.));
#2128=DIRECTION('',(1.,0.,0.));
#2129=DIRECTION('',(0.,0.,1.));
#2130=DIRECTION('',(1.,0.,0.));
#2131=DIRECTION('',(0.,0.,1.));
#2132=DIRECTION('',(1.,0.,0.));
#2133=DIRECTION('',(0.,0.,1.));
#2134=DIRECTION('',(1.,0.,0.));
#2135=DIRECTION('',(0.,0.,1.));
#2136=DIRECTION('',(1.,0.,0.));
#2137=DIRECTION('',(0.,0.,1.));
#2138=DIRECTION('',(1.,0.,0.));
#2139=DIRECTION('',(0.,0.,1.));
#2140=DIRECTION('',(1.,0.,0.));
#2141=DIRECTION('',(0.,0.,1.));
#2142=DIRECTION('',(1.,0.,0.));
#2143=DIRECTION('',(0.,0.,-1.));
#2144=DIRECTION('',(-1.,0.,0.));
#2145=DIRECTION('',(0.,0.,1.));
#2146=DIRECTION('',(1.,0.,0.));
#2147=DIRECTION('',(0.,0.,-1.));
#2148=DIRECTION('',(-1.,0.,0.));
#2149=CARTESIAN_POINT('',(0.,0.,0.));
#2150=CARTESIAN_POINT('',(0.,9.18485099360515E-19,0.01));
#2151=CARTESIAN_POINT('',(0.0098686238547445,0.0112964712726396,0.000460585899672029));
#2152=CARTESIAN_POINT('',(0.0099338037190068,0.0112395299900228,0.000225151331963761));
#2153=CARTESIAN_POINT('',(0.0101020277962396,0.0110909981676876,4.56134159742981E-5));
#2154=CARTESIAN_POINT('',(0.0102821570993463,0.0109214122431287,8.13638866776847E-6));
#2155=CARTESIAN_POINT('',(0.00986862385474442,0.0112964712726395,0.000460585899672024));
#2156=CARTESIAN_POINT('',(0.0102821570993463,0.0109214122431287,8.13638866776426E-6));
#2157=CARTESIAN_POINT('',(0.0102821570993463,0.0109214122431288,8.13638866775048E-6));
#2158=CARTESIAN_POINT('',(0.0104309862942851,0.0107812943600874,3.9101232846503E-5));
#2159=CARTESIAN_POINT('',(0.0107022952930762,0.0105117819296551,0.000288799110821849));
#2160=CARTESIAN_POINT('',(0.0107346781224491,0.0104772111361723,0.00074426620168392));
#2161=CARTESIAN_POINT('',(0.010683733576327,0.0105289048276667,0.000939414100327969));
#2162=CARTESIAN_POINT('',(0.010683733576327,0.0105289048276667,0.000939414100327966));
#2163=CARTESIAN_POINT('',(0.00830998966948233,0.0124877568719565,0.00934221516544986));
#2164=CARTESIAN_POINT('',(0.00915997336408184,0.0119221344151955,0.00653751612356052));
#2165=CARTESIAN_POINT('',(0.00995340302549642,0.0112699749727043,0.00373701429817177));
#2166=CARTESIAN_POINT('',(0.010683733576327,0.0105289048276667,0.000939414100327971));
#2167=CARTESIAN_POINT('',(0.00830998966948232,0.0124877568719565,0.00934221516544986));
#2168=CARTESIAN_POINT('',(0.00830998966948239,0.0124877568719566,0.00934221516544988));
#2169=CARTESIAN_POINT('',(0.0082152555536264,0.0125507977793175,0.00965481020187667));
#2170=CARTESIAN_POINT('',(0.00791116838850816,0.0127482861163699,0.00985573673219595));
#2171=CARTESIAN_POINT('',(0.00763169609457411,0.0129134509221998,0.00978804122453394));
#2172=CARTESIAN_POINT('',(0.00763169609457402,0.0129134509221998,0.00978804122453439));
#2173=CARTESIAN_POINT('',(0.00763169609457427,0.0129134509221997,0.00978804122453402));
#2174=CARTESIAN_POINT('',(0.00737664086303003,0.0130641855342104,0.00962920184970771));
#2175=CARTESIAN_POINT('',(0.00724778681166329,0.0131332725946595,0.00924764928168263));
#2176=CARTESIAN_POINT('',(0.00734818555464331,0.0130768562374346,0.00893179099345904));
#2177=CARTESIAN_POINT('',(0.00734818555464338,0.0130768562374345,0.00893179099345907));
#2178=CARTESIAN_POINT('',(0.00734818555464338,0.0130768562374345,0.00893179099345907));
#2179=CARTESIAN_POINT('',(0.00824620069455907,0.012572240926295,0.00610660099133876));
#2180=CARTESIAN_POINT('',(0.00908722453538902,0.0119791035546114,0.00328305896005849));
#2181=CARTESIAN_POINT('',(0.00986862385474443,0.0112964712726395,0.000460585899672028));
#2182=CARTESIAN_POINT('',(0.0144093481451894,0.0041678154986431,0.00046058589967203));
#2183=CARTESIAN_POINT('',(0.0144333961546886,0.00408467454838137,0.000225151331963768));
#2184=CARTESIAN_POINT('',(0.0144946128881225,0.00386877282547319,4.56134159743021E-5));
#2185=CARTESIAN_POINT('',(0.014554462227845,0.00362872281364031,8.13638866777057E-6));
#2186=CARTESIAN_POINT('',(0.0144093481451893,0.00416781549864309,0.000460585899672024));
#2187=CARTESIAN_POINT('',(0.014554462227845,0.00362872281364031,8.13638866776426E-6));
#2188=CARTESIAN_POINT('',(0.014554462227845,0.00362872281364031,8.13638866774804E-6));
#2189=CARTESIAN_POINT('',(0.014603911867048,0.0034303850119059,3.91012328465087E-5));
#2190=CARTESIAN_POINT('',(0.0146864421000665,0.00305697600877351,0.000288799110821737));
#2191=CARTESIAN_POINT('',(0.014694993887631,0.00301038572727954,0.000744266201683854));
#2192=CARTESIAN_POINT('',(0.0146800843278541,0.00308141592893462,0.000939414100327974));
#2193=CARTESIAN_POINT('',(0.0146800843278541,0.00308141592893465,0.000939414100327966));
#2194=CARTESIAN_POINT('',(0.013742199250684,0.00601264997771377,0.00934221516544986));
#2195=CARTESIAN_POINT('',(0.0141514524492202,0.00507728220824269,0.00653751612356052));
#2196=CARTESIAN_POINT('',(0.0144663439408384,0.00409969031253708,0.00373701429817176));
#2197=CARTESIAN_POINT('',(0.0146800843278541,0.00308141592893463,0.000939414100327969));
#2198=CARTESIAN_POINT('',(0.0137421992506839,0.00601264997771378,0.00934221516544986));
#2199=CARTESIAN_POINT('',(0.013742199250684,0.00601264997771378,0.00934221516544988));
#2200=CARTESIAN_POINT('',(0.0136965863287293,0.00611690049358135,0.00965481020187666));
#2201=CARTESIAN_POINT('',(0.0135475421827669,0.00644744018834698,0.00985573673219596));
#2202=CARTESIAN_POINT('',(0.0134017299638052,0.00673747979419941,0.00978804122453394));
#2203=CARTESIAN_POINT('',(0.0134017299638052,0.00673747979419949,0.00978804122453439));
#2204=CARTESIAN_POINT('',(0.0134017299638053,0.00673747979419923,0.00978804122453401));
#2205=CARTESIAN_POINT('',(0.013268657133058,0.00700217908795156,0.0096292018497077));
#2206=CARTESIAN_POINT('',(0.0131976094919629,0.00712996258129071,0.00924764928168267));
#2207=CARTESIAN_POINT('',(0.0132515693036987,0.00702822246298952,0.00893179099345905));
#2208=CARTESIAN_POINT('',(0.0132515693036987,0.00702822246298945,0.00893179099345907));
#2209=CARTESIAN_POINT('',(0.0132515693036987,0.00702822246298945,0.00893179099345907));
#2210=CARTESIAN_POINT('',(0.0137342120783736,0.00611820941044112,0.00610660099133877));
#2211=CARTESIAN_POINT('',(0.0141210520821766,0.0051645386842521,0.00328305896005849));
#2212=CARTESIAN_POINT('',(0.0144093481451893,0.00416781549864308,0.00046058589967203));
#2213=CARTESIAN_POINT('',(0.0143752062111255,-0.00428409224779542,0.000460585899672021));
#2214=CARTESIAN_POINT('',(0.0143504872927608,-0.00436703620143988,0.000225151331963755));
#2215=CARTESIAN_POINT('',(0.0142852608020672,-0.00458176055338639,4.56134159742913E-5));
#2216=CARTESIAN_POINT('',(0.0142058284359188,-0.00481606046984872,8.13638866776662E-6));
#2217=CARTESIAN_POINT('',(0.0143752062111254,-0.0042840922477954,0.000460585899672024));
#2218=CARTESIAN_POINT('',(0.0142058284359188,-0.00481606046984872,8.13638866776426E-6));
#2219=CARTESIAN_POINT('',(0.0142058284359189,-0.00481606046984873,8.13638866775328E-6));
#2220=CARTESIAN_POINT('',(0.0141401986083336,-0.00500964733961331,3.91012328465099E-5));
#2221=CARTESIAN_POINT('',(0.014007747309727,-0.0053683981953335,0.000288799110821868));
#2222=CARTESIAN_POINT('',(0.0139897529233553,-0.0054122158796553,0.000744266201683919));
#2223=CARTESIAN_POINT('',(0.0140156120298069,-0.00534440075498961,0.000939414100327968));
#2224=CARTESIAN_POINT('',(0.0140156120298068,-0.0053444007549896,0.000939414100327966));
#2225=CARTESIAN_POINT('',(0.0148113576675334,-0.00237143080109842,0.00934221516544986));
#2226=CARTESIAN_POINT('',(0.014649945371116,-0.00337957122546533,0.00653751612356051));
#2227=CARTESIAN_POINT('',(0.0143863228692661,-0.0043722170548331,0.00373701429817176));
#2228=CARTESIAN_POINT('',(0.0140156120298069,-0.0053444007549896,0.000939414100327967));
#2229=CARTESIAN_POINT('',(0.0148113576675334,-0.00237143080109843,0.00934221516544986));
#2230=CARTESIAN_POINT('',(0.0148113576675335,-0.00237143080109846,0.00934221516544987));
#2231=CARTESIAN_POINT('',(0.0148293477199152,-0.00225906947891325,0.00965481020187667));
#2232=CARTESIAN_POINT('',(0.0148826670563561,-0.00190042244404067,0.00985573673219595));
#2233=CARTESIAN_POINT('',(0.0149168092616272,-0.00157759356370188,0.00978804122453394));
#2234=CARTESIAN_POINT('',(0.0149168092616272,-0.00157759356370179,0.00978804122453439));
#2235=CARTESIAN_POINT('',(0.0149168092616272,-0.00157759356370207,0.00978804122453402));
#2236=CARTESIAN_POINT('',(0.0149479685151913,-0.00128296974369842,0.00962920184970761));
#2237=CARTESIAN_POINT('',(0.0149572844084169,-0.00113706017372963,0.00924764928168262));
#2238=CARTESIAN_POINT('',(0.0149476734299442,-0.00125182228440775,0.00893179099345904));
#2239=CARTESIAN_POINT('',(0.0149476734299442,-0.00125182228440785,0.00893179099345907));
#2240=CARTESIAN_POINT('',(0.0149476734299442,-0.00125182228440783,0.00893179099345906));
#2241=CARTESIAN_POINT('',(0.0148617081686099,-0.00227831036402587,0.00610660099133876));
#2242=CARTESIAN_POINT('',(0.0146715453674592,-0.00328973072747061,0.00328305896005849));
#2243=CARTESIAN_POINT('',(0.0143752062111254,-0.00428409224779539,0.000460585899672023));
#2244=CARTESIAN_POINT('',(0.00977703787538279,-0.0113758309755083,0.000460585899672023));
#2245=CARTESIAN_POINT('',(0.00971140011107932,-0.0114322438133073,0.000225151331963759));
#2246=CARTESIAN_POINT('',(0.00954043934618522,-0.0115776173297189,4.56134159742972E-5));
#2247=CARTESIAN_POINT('',(0.00934694448917578,-0.011731778582818,8.13638866776869E-6));
#2248=CARTESIAN_POINT('',(0.00977703787538272,-0.0113758309755082,0.000460585899672024));
#2249=CARTESIAN_POINT('',(0.00934694448917578,-0.011731778582818,8.13638866776426E-6));
#2250=CARTESIAN_POINT('',(0.00934694448917579,-0.011731778582818,8.1363886677509E-6));
#2251=CARTESIAN_POINT('',(0.00918707220134241,-0.011859152057282,3.91012328465034E-5));
#2252=CARTESIAN_POINT('',(0.00888169172256203,-0.0120893439037111,0.000288799110821853));
#2253=CARTESIAN_POINT('',(0.00884286425278494,-0.0121164771856897,0.000744266201683917));
#2254=CARTESIAN_POINT('',(0.00890128194187832,-0.0120734079609359,0.000939414100327969));
#2255=CARTESIAN_POINT('',(0.00890128194187832,-0.0120734079609359,0.000939414100327966));
#2256=CARTESIAN_POINT('',(0.0111780146769935,-0.0100025990562912,0.00934221516544986));
#2257=CARTESIAN_POINT('',(0.0104971841492502,-0.0107634346739973,0.00653751612356051));
#2258=CARTESIAN_POINT('',(0.00973874593560185,-0.0114559763999033,0.00373701429817176));
#2259=CARTESIAN_POINT('',(0.00890128194187832,-0.0120734079609359,0.000939414100327969));
#2260=CARTESIAN_POINT('',(0.0111780146769935,-0.0100025990562912,0.00934221516544986));
#2261=CARTESIAN_POINT('',(0.0111780146769935,-0.0100025990562913,0.00934221516544988));
#2262=CARTESIAN_POINT('',(0.011253895989192,-0.0099178008536751,0.00965481020187666));
#2263=CARTESIAN_POINT('',(0.0114926502954527,-0.00964491437818876,0.00985573673219595));
#2264=CARTESIAN_POINT('',(0.0116959070160203,-0.00939179211187129,0.00978804122453394));
#2265=CARTESIAN_POINT('',(0.0116959070160203,-0.00939179211187121,0.00978804122453439));
#2266=CARTESIAN_POINT('',(0.0116959070160201,-0.00939179211187144,0.00978804122453402));
#2267=CARTESIAN_POINT('',(0.0118814055110499,-0.00916078474675553,0.00962920184970771));
#2268=CARTESIAN_POINT('',(0.0119681272083201,-0.00904307435767409,0.00924764928168263));
#2269=CARTESIAN_POINT('',(0.011897996857396,-0.00913442230145918,0.00893179099345904));
#2270=CARTESIAN_POINT('',(0.0118979968573959,-0.00913442230145925,0.00893179099345907));
#2271=CARTESIAN_POINT('',(0.011897996857396,-0.00913442230145924,0.00893179099345907));
#2272=CARTESIAN_POINT('',(0.0112707169231246,-0.00995148269568646,0.00610660099133876));
#2273=CARTESIAN_POINT('',(0.0105639266627595,-0.010699533877348,0.00328305896005849));
#2274=CARTESIAN_POINT('',(0.00977703787538272,-0.0113758309755082,0.000460585899672022));
#2275=CARTESIAN_POINT('',(0.00207472909545454,-0.014855823746278,0.000460585899672018));
#2276=CARTESIAN_POINT('',(0.00198901201160445,-0.0148677947908245,0.000225151331963757));
#2277=CARTESIAN_POINT('',(0.00176659580741262,-0.0148976624074006,4.56134159742923E-5));
#2278=CARTESIAN_POINT('',(0.00152047170947329,-0.0149227398885289,8.1363886677671E-6));
#2279=CARTESIAN_POINT('',(0.00207472909545451,-0.0148558237462779,0.000460585899672024));
#2280=CARTESIAN_POINT('',(0.00152047170947329,-0.0149227398885289,8.13638866776426E-6));
#2281=CARTESIAN_POINT('',(0.00152047170947329,-0.0149227398885289,8.13638866775264E-6));
#2282=CARTESIAN_POINT('',(0.00131711528317526,-0.014943459789528,3.91012328465079E-5));
#2283=CARTESIAN_POINT('',(0.000935761768518569,-0.0149720083418826,0.000288799110821865));
#2284=CARTESIAN_POINT('',(0.000888428662648543,-0.0149738425962044,0.000744266201683913));
#2285=CARTESIAN_POINT('',(0.000960857730856216,-0.0149691934459093,0.000939414100327965));
#2286=CARTESIAN_POINT('',(0.000960857730856218,-0.0149691934459093,0.000939414100327966));
#2287=CARTESIAN_POINT('',(0.00399573100658567,-0.0144580127860993,0.00934221516544986));
#2288=CARTESIAN_POINT('',(0.00301164112955635,-0.0147299836643305,0.00653751612356051));
#2289=CARTESIAN_POINT('',(0.00199918597807463,-0.0149025441820654,0.00373701429817176));
#2290=CARTESIAN_POINT('',(0.000960857730856223,-0.0149691934459093,0.000939414100327966));
#2291=CARTESIAN_POINT('',(0.00399573100658566,-0.0144580127860993,0.00934221516544986));
#2292=CARTESIAN_POINT('',(0.00399573100658566,-0.0144580127860993,0.00934221516544987));
#2293=CARTESIAN_POINT('',(0.0041054117981297,-0.0144277005332273,0.00965481020187668));
#2294=CARTESIAN_POINT('',(0.0044537982689297,-0.0143272141449704,0.00985573673219596));
#2295=CARTESIAN_POINT('',(0.00476163693215693,-0.0142241630237536,0.00978804122453394));
#2296=CARTESIAN_POINT('',(0.00476163693215702,-0.0142241630237536,0.00978804122453439));
#2297=CARTESIAN_POINT('',(0.00476163693215675,-0.0142241630237537,0.00978804122453402));
#2298=CARTESIAN_POINT('',(0.00504258020714994,-0.0141301153197296,0.00962920184970771));
#2299=CARTESIAN_POINT('',(0.0051791741823276,-0.0140779763283671,0.00924764928168262));
#2300=CARTESIAN_POINT('',(0.00507079034985315,-0.0141169077785412,0.00893179099345904));
#2301=CARTESIAN_POINT('',(0.00507079034985306,-0.0141169077785412,0.00893179099345907));
#2302=CARTESIAN_POINT('',(0.00507079034985308,-0.0141169077785412,0.00893179099345906));
#2303=CARTESIAN_POINT('',(0.00410135268962759,-0.0144651295852833,0.00610660099133876));
#2304=CARTESIAN_POINT('',(0.0031023358837727,-0.0147123106204612,0.00328305896005848));
#2305=CARTESIAN_POINT('',(0.00207472909545453,-0.0148558237462779,0.000460585899672017));
#2306=CARTESIAN_POINT('',(-0.00628629151294526,-0.0136191974438392,0.000460585899672024));
#2307=CARTESIAN_POINT('',(-0.00636487334786754,-0.013582925973073,0.000225151331963759));
#2308=CARTESIAN_POINT('',(-0.00656812941804399,-0.0134878049325853,4.56134159742982E-5));
#2309=CARTESIAN_POINT('',(-0.00678874009484724,-0.0133758367186735,8.13638866776854E-6));
#2310=CARTESIAN_POINT('',(-0.00628629151294521,-0.0136191974438391,0.000460585899672024));
#2311=CARTESIAN_POINT('',(-0.00678874009484724,-0.0133758367186735,8.13638866776426E-6));
#2312=CARTESIAN_POINT('',(-0.00678874009484725,-0.0133758367186735,8.13638866775004E-6));
#2313=CARTESIAN_POINT('',(-0.00697101643110815,-0.0132833246240403,3.91012328465022E-5));
#2314=CARTESIAN_POINT('',(-0.00730726593525285,-0.0131011659186622,0.00028879911082185));
#2315=CARTESIAN_POINT('',(-0.00734807675054182,-0.0130771187825402,0.000744266201683919));
#2316=CARTESIAN_POINT('',(-0.00728463202061644,-0.0131123657790732,0.000939414100327973));
#2317=CARTESIAN_POINT('',(-0.00728463202061642,-0.0131123657790732,0.000939414100327966));
#2318=CARTESIAN_POINT('',(-0.00445516902592691,-0.0143231096117575,0.00934221516544986));
#2319=CARTESIAN_POINT('',(-0.00543007666953225,-0.0140198669183298,0.00653751612356052));
#2320=CARTESIAN_POINT('',(-0.00637510140191818,-0.0136176594827673,0.00373701429817177));
#2321=CARTESIAN_POINT('',(-0.00728463202061643,-0.0131123657790732,0.000939414100327974));
#2322=CARTESIAN_POINT('',(-0.0044551690259269,-0.0143231096117575,0.00934221516544986));
#2323=CARTESIAN_POINT('',(-0.00445516902592696,-0.0143231096117576,0.00934221516544988));
#2324=CARTESIAN_POINT('',(-0.00434651163138516,-0.0143569072347405,0.00965481020187667));
#2325=CARTESIAN_POINT('',(-0.0039991032389437,-0.0144607246519817,0.00985573673219596));
#2326=CARTESIAN_POINT('',(-0.00368441923354738,-0.0145404626787275,0.00978804122453394));
#2327=CARTESIAN_POINT('',(-0.00368441923354729,-0.0145404626787275,0.00978804122453439));
#2328=CARTESIAN_POINT('',(-0.00368441923354757,-0.0145404626787274,0.00978804122453401));
#2329=CARTESIAN_POINT('',(-0.00339722868335098,-0.0146132341173134,0.0096292018497077));
#2330=CARTESIAN_POINT('',(-0.00325413005225784,-0.0146432202850311,0.00924764928168263));
#2331=CARTESIAN_POINT('',(-0.00336635626527557,-0.0146173747812403,0.00893179099345905));
#2332=CARTESIAN_POINT('',(-0.00336635626527564,-0.0146173747812403,0.00893179099345907));
#2333=CARTESIAN_POINT('',(-0.00336635626527564,-0.0146173747812403,0.00893179099345907));
#2334=CARTESIAN_POINT('',(-0.00437016204405285,-0.0143862000372744,0.00610660099133876));
#2335=CARTESIAN_POINT('',(-0.0053442246182541,-0.0140540326937974,0.00328305896005849));
#2336=CARTESIAN_POINT('',(-0.00628629151294521,-0.0136191974438391,0.000460585899672021));
#2337=CARTESIAN_POINT('',(-0.0126514589827983,-0.0080585721816322,0.000460585899672025));
#2338=CARTESIAN_POINT('',(-0.0126979563914376,-0.00798557413123959,0.000225151331963763));
#2339=CARTESIAN_POINT('',(-0.0128175199614565,-0.00779566469194973,4.56134159742993E-5));
#2340=CARTESIAN_POINT('',(-0.0129425748859991,-0.00758219989978529,8.1363886677698E-6));
#2341=CARTESIAN_POINT('',(-0.0126514589827982,-0.00805857218163214,0.000460585899672024));
#2342=CARTESIAN_POINT('',(-0.0129425748859991,-0.00758219989978529,8.13638866776426E-6));
#2343=CARTESIAN_POINT('',(-0.0129425748859992,-0.0075821998997853,8.13638866774941E-6));
#2344=CARTESIAN_POINT('',(-0.0130458996833631,-0.0074058277459066,3.91012328465007E-5));
#2345=CARTESIAN_POINT('',(-0.0132302883352554,-0.00707079588468153,0.00028879911082185));
#2346=CARTESIAN_POINT('',(-0.0132516197144645,-0.00702850215392558,0.000744266201683919));
#2347=CARTESIAN_POINT('',(-0.0132173025762937,-0.00709245462493072,0.000939414100327971));
#2348=CARTESIAN_POINT('',(-0.0132173025762936,-0.00709245462493073,0.000939414100327966));
#2349=CARTESIAN_POINT('',(-0.0114915843714278,-0.00964072033793931,0.00934221516544986));
#2350=CARTESIAN_POINT('',(-0.0121477834931327,-0.00885854148540549,0.00653751612356052));
#2351=CARTESIAN_POINT('',(-0.012725339131116,-0.00800926411547469,0.00373701429817177));
#2352=CARTESIAN_POINT('',(-0.0132173025762937,-0.00709245462493072,0.000939414100327975));
#2353=CARTESIAN_POINT('',(-0.0114915843714278,-0.00964072033793931,0.00934221516544986));
#2354=CARTESIAN_POINT('',(-0.0114915843714279,-0.00964072033793933,0.00934221516544988));
#2355=CARTESIAN_POINT('',(-0.0114184483289189,-0.00972789733028265,0.00965481020187667));
#2356=CARTESIAN_POINT('',(-0.0111823177247657,-0.0100030572565867,0.00985573673219596));
#2357=CARTESIAN_POINT('',(-0.0109606983254627,-0.0102402681712052,0.00978804122453394));
#2358=CARTESIAN_POINT('',(-0.0109606983254626,-0.0102402681712053,0.00978804122453439));
#2359=CARTESIAN_POINT('',(-0.0109606983254628,-0.0102402681712051,0.00978804122453402));
#2360=CARTESIAN_POINT('',(-0.0107584414705587,-0.0104567543348287,0.0096292018497076));
#2361=CARTESIAN_POINT('',(-0.0106542709878356,-0.0105593452652481,0.00924764928168262));
#2362=CARTESIAN_POINT('',(-0.010734708551716,-0.0104769285723305,0.00893179099345904));
#2363=CARTESIAN_POINT('',(-0.0107347085517161,-0.0104769285723304,0.00893179099345907));
#2364=CARTESIAN_POINT('',(-0.0107347085517161,-0.0104769285723304,0.00893179099345907));
#2365=CARTESIAN_POINT('',(-0.011454181206836,-0.00973975362546301,0.00610660099133876));
#2366=CARTESIAN_POINT('',(-0.0120940315644719,-0.00893369868790276,0.00328305896005849));
#2367=CARTESIAN_POINT('',(-0.0126514589827982,-0.00805857218163215,0.000460585899672025));
#2368=CARTESIAN_POINT('',(-0.0149998776165504,6.05928090928665E-5,0.000460585899672031));
#2369=CARTESIAN_POINT('',(-0.0149995280001988,0.000147141073891779,0.00022515133196378));
#2370=CARTESIAN_POINT('',(-0.0149974384813749,0.000371544006845258,4.56134159743049E-5));
#2371=CARTESIAN_POINT('',(-0.0149872335987106,0.00061873181402027,8.13638866777108E-6));
#2372=CARTESIAN_POINT('',(-0.0149998776165503,6.059280909285E-5,0.000460585899672024));
#2373=CARTESIAN_POINT('',(-0.0149872335987106,0.000618731814020269,8.13638866776426E-6));
#2374=CARTESIAN_POINT('',(-0.0149872335987106,0.000618731814020273,8.13638866774772E-6));
#2375=CARTESIAN_POINT('',(-0.0149788019640727,0.00082296711447407,3.91012328464965E-5));
#2376=CARTESIAN_POINT('',(-0.0149527876695646,0.0012045018828292,0.000288799110821846));
#2377=CARTESIAN_POINT('',(-0.0149478670505153,0.00125161424753736,0.000744266201683891));
#2378=CARTESIAN_POINT('',(-0.014953572952995,0.00117926075973758,0.000939414100327974));
#2379=CARTESIAN_POINT('',(-0.014953572952995,0.00117926075973755,0.000939414100327966));
#2380=CARTESIAN_POINT('',(-0.0148795028746555,-0.00189747047490016,0.00934221516544987));
#2381=CARTESIAN_POINT('',(-0.0150086548898001,-0.000884691722328052,0.00653751612356052));
#2382=CARTESIAN_POINT('',(-0.0150353715991342,0.000142016017725178,0.00373701429817177));
#2383=CARTESIAN_POINT('',(-0.014953572952995,0.00117926075973757,0.000939414100327975));
#2384=CARTESIAN_POINT('',(-0.0148795028746555,-0.00189747047490017,0.00934221516544986));
#2385=CARTESIAN_POINT('',(-0.0148795028746556,-0.00189747047490014,0.00934221516544988));
#2386=CARTESIAN_POINT('',(-0.0148651083609214,-0.00201034875749809,0.00965481020187667));
#2387=CARTESIAN_POINT('',(-0.0148152253434561,-0.00236948986045061,0.00985573673219596));
#2388=CARTESIAN_POINT('',(-0.0147570331436373,-0.00268886087360274,0.00978804122453393));
#2389=CARTESIAN_POINT('',(-0.0147570331436372,-0.00268886087360283,0.00978804122453439));
#2390=CARTESIAN_POINT('',(-0.0147570331436373,-0.00268886087360255,0.00978804122453401));
#2391=CARTESIAN_POINT('',(-0.0147039251063792,-0.00298032893493122,0.00962920184970769));
#2392=CARTESIAN_POINT('',(-0.0146717561642571,-0.00312295273251728,0.00924764928168263));
#2393=CARTESIAN_POINT('',(-0.0146948667208129,-0.00301013156814558,0.00893179099345905));
#2394=CARTESIAN_POINT('',(-0.0146948667208129,-0.00301013156814552,0.00893179099345907));
#2395=CARTESIAN_POINT('',(-0.0146948667208129,-0.00301013156814551,0.00893179099345907));
#2396=CARTESIAN_POINT('',(-0.0149015787678257,-0.0020010042553777,0.00610660099133877));
#2397=CARTESIAN_POINT('',(-0.0150040689413136,-0.000976978471097553,0.00328305896005849));
#2398=CARTESIAN_POINT('',(-0.0149998776165503,6.0592809092863E-5,0.000460585899672027));
#2399=CARTESIAN_POINT('',(-0.0125859410911185,0.00816052001105925,0.000460585899672026));
#2400=CARTESIAN_POINT('',(-0.0125388554504973,0.00823314002771165,0.000225151331963761));
#2401=CARTESIAN_POINT('',(-0.0124157762502934,0.00842079010867137,4.56134159742956E-5));
#2402=CARTESIAN_POINT('',(-0.0122735515385637,0.00862322054862449,8.13638866776842E-6));
#2403=CARTESIAN_POINT('',(-0.0125859410911184,0.00816052001105919,0.000460585899672024));
#2404=CARTESIAN_POINT('',(-0.0122735515385637,0.00862322054862448,8.13638866776426E-6));
#2405=CARTESIAN_POINT('',(-0.0122735515385638,0.00862322054862449,8.13638866775165E-6));
#2406=CARTESIAN_POINT('',(-0.0121560404563465,0.00879047573081698,3.91012328465067E-5));
#2407=CARTESIAN_POINT('',(-0.0119278825701362,0.00909737881314528,0.000288799110821862));
#2408=CARTESIAN_POINT('',(-0.0118982722146092,0.00913435196889082,0.000744266201683922));
#2409=CARTESIAN_POINT('',(-0.011942189574018,0.00907656918544754,0.000939414100327972));
#2410=CARTESIAN_POINT('',(-0.011942189574018,0.00907656918544752,0.000939414100327966));
#2411=CARTESIAN_POINT('',(-0.0135432843487236,0.00644821285703405,0.00934221516544986));
#2412=CARTESIAN_POINT('',(-0.013104384405044,0.00737004141165551,0.00653751612356051));
#2413=CARTESIAN_POINT('',(-0.0125717798192866,0.00824820706873451,0.00373701429817176));
#2414=CARTESIAN_POINT('',(-0.011942189574018,0.00907656918544753,0.000939414100327971));
#2415=CARTESIAN_POINT('',(-0.0135432843487236,0.00644821285703405,0.00934221516544986));
#2416=CARTESIAN_POINT('',(-0.0135432843487236,0.00644821285703411,0.00934221516544987));
#2417=CARTESIAN_POINT('',(-0.0135922015201681,0.00634547134134655,0.00965481020187667));
#2418=CARTESIAN_POINT('',(-0.0137444035949792,0.00601637382436324,0.00985573673219596));
#2419=CARTESIAN_POINT('',(-0.0138681142069206,0.00571624075278555,0.00978804122453394));
#2420=CARTESIAN_POINT('',(-0.0138681142069207,0.00571624075278546,0.00978804122453439));
#2421=CARTESIAN_POINT('',(-0.0138681142069205,0.00571624075278573,0.00978804122453402));
#2422=CARTESIAN_POINT('',(-0.0139810164138944,0.00544232984380885,0.00962920184970771));
#2423=CARTESIAN_POINT('',(-0.0140310624242023,0.00530495522705822,0.00924764928168263));
#2424=CARTESIAN_POINT('',(-0.0139895085350183,0.00541236094035218,0.00893179099345905));
#2425=CARTESIAN_POINT('',(-0.0139895085350183,0.00541236094035225,0.00893179099345907));
#2426=CARTESIAN_POINT('',(-0.0139895085350183,0.00541236094035225,0.00893179099345907));
#2427=CARTESIAN_POINT('',(-0.013617830359555,0.00637304982736955,0.00610660099133876));
#2428=CARTESIAN_POINT('',(-0.0131504204429734,0.00728992550728108,0.00328305896005849));
#2429=CARTESIAN_POINT('',(-0.0125859410911184,0.00816052001105919,0.00046058589967202));
#2430=CARTESIAN_POINT('',(-0.00617605719726672,0.0136695397689934,0.000460585899672026));
#2431=CARTESIAN_POINT('',(-0.00609718489058198,0.0137051751953207,0.000225151331963761));
#2432=CARTESIAN_POINT('',(-0.00589219278542667,0.013796494849454,4.56134159742993E-5));
#2433=CARTESIAN_POINT('',(-0.00566310358569409,0.0138898976878053,8.13638866776935E-6));
#2434=CARTESIAN_POINT('',(-0.00617605719726668,0.0136695397689933,0.000460585899672024));
#2435=CARTESIAN_POINT('',(-0.00566310358569409,0.0138898976878053,8.13638866776426E-6));
#2436=CARTESIAN_POINT('',(-0.00566310358569409,0.0138898976878053,8.13638866774991E-6));
#2437=CARTESIAN_POINT('',(-0.00547382199420769,0.013967070413159,3.9101232846511E-5));
#2438=CARTESIAN_POINT('',(-0.00511595903308055,0.0141019022492948,0.000288799110821738));
#2439=CARTESIAN_POINT('',(-0.00507106001973874,0.0141169974803684,0.000744266201683864));
#2440=CARTESIAN_POINT('',(-0.0051392453847697,0.0140921310267512,0.000939414100327969));
#2441=CARTESIAN_POINT('',(-0.00513924538476971,0.0140921310267512,0.000939414100327966));
#2442=CARTESIAN_POINT('',(-0.00790716873434636,0.0127466341677549,0.00934221516544986));
#2443=CARTESIAN_POINT('',(-0.00703956446284205,0.0132848384716627,0.00653751612356052));
#2444=CARTESIAN_POINT('',(-0.00611673677476689,0.0137356506544669,0.00373701429817176));
#2445=CARTESIAN_POINT('',(-0.0051392453847697,0.0140921310267512,0.000939414100327968));
#2446=CARTESIAN_POINT('',(-0.00790716873434636,0.0127466341677548,0.00934221516544986));
#2447=CARTESIAN_POINT('',(-0.00790716873434637,0.0127466341677549,0.00934221516544988));
#2448=CARTESIAN_POINT('',(-0.00800386673466805,0.0126866491242717,0.00965481020187654));
#2449=CARTESIAN_POINT('',(-0.00830983081841167,0.0124920813296079,0.00985573673219595));
#2450=CARTESIAN_POINT('',(-0.00857616699691929,0.0123064763291916,0.00978804122453394));
#2451=CARTESIAN_POINT('',(-0.00857616699691937,0.0123064763291915,0.00978804122453439));
#2452=CARTESIAN_POINT('',(-0.00857616699691913,0.0123064763291917,0.00978804122453402));
#2453=CARTESIAN_POINT('',(-0.00881923379513955,0.0121370873508047,0.00962920184970771));
#2454=CARTESIAN_POINT('',(-0.00893560550321294,0.0120485773850652,0.00924764928168264));
#2455=CARTESIAN_POINT('',(-0.00884258023449937,0.0121164670922031,0.00893179099345905));
#2456=CARTESIAN_POINT('',(-0.0088425802344993,0.0121164670922032,0.00893179099345907));
#2457=CARTESIAN_POINT('',(-0.0088425802344993,0.0121164670922032,0.00893179099345907));
#2458=CARTESIAN_POINT('',(-0.00801051703111707,0.0127237056197453,0.00610660099133876));
#2459=CARTESIAN_POINT('',(-0.00712160637041987,0.0132423296452503,0.00328305896005849));
#2460=CARTESIAN_POINT('',(-0.00617605719726667,0.0136695397689933,0.000460585899672024));
#2461=CARTESIAN_POINT('',(0.00219468121878234,0.0148385772346249,0.000460585899672022));
#2462=CARTESIAN_POINT('',(0.00228020947227686,0.0148259272851956,0.000225396945319755));
#2463=CARTESIAN_POINT('',(0.00249900192642013,0.0147924904878797,4.6093910963731E-5));
#2464=CARTESIAN_POINT('',(0.00274533974205559,0.0147466304524352,8.13638866776837E-6));
#2465=CARTESIAN_POINT('',(0.00219468121878233,0.0148385772346248,0.000460585899672024));
#2466=CARTESIAN_POINT('',(0.00274533974205558,0.0147466304524352,8.13638866776426E-6));
#2467=CARTESIAN_POINT('',(0.00274533974205559,0.0147466304524352,8.13638866775121E-6));
#2468=CARTESIAN_POINT('',(0.00294629627491388,0.0147092189259268,3.91012328465046E-5));
#2469=CARTESIAN_POINT('',(0.00332024534933916,0.0146291713605732,0.000288799110821861));
#2470=CARTESIAN_POINT('',(0.00336617790100077,0.0146175960377667,0.000744266201683919));
#2471=CARTESIAN_POINT('',(0.00329537290197029,0.0146335408373011,0.00093941410032797));
#2472=CARTESIAN_POINT('',(0.00329537290197028,0.0146335408373011,0.000939414100327966));
#2473=CARTESIAN_POINT('',(0.000239417083801293,0.0149980891936268,0.00934221516544986));
#2474=CARTESIAN_POINT('',(0.00126026745712656,0.0149817931831001,0.00653751612356051));
#2475=CARTESIAN_POINT('',(0.00228032697694444,0.0148621222088759,0.00373701429817176));
#2476=CARTESIAN_POINT('',(0.00329537290197028,0.0146335408373011,0.000939414100327971));
#2477=CARTESIAN_POINT('',(0.000239417083801291,0.0149980891936268,0.00934221516544986));
#2478=CARTESIAN_POINT('',(0.000239417083801306,0.0149980891936268,0.00934221516544987));
#2479=CARTESIAN_POINT('',(0.000124434180043913,0.0149999246855451,0.00965812085391187));
#2480=CARTESIAN_POINT('',(-0.000235787378199203,0.0150016846474174,0.00985597840067379));
#2481=CARTESIAN_POINT('',(-0.000561347361696408,0.0149894926244859,0.00978804122453396));
#2482=CARTESIAN_POINT('',(-0.000561347361696538,0.0149894926244859,0.00978804122453439));
#2483=CARTESIAN_POINT('',(-0.00056134736169625,0.0149894926244859,0.00978804122453402));
#2484=CARTESIAN_POINT('',(-0.000857419991586715,0.0149784048849724,0.0096291947508885));
#2485=CARTESIAN_POINT('',(-0.00100315694202576,0.014966861356208,0.00924764920228193));
#2486=CARTESIAN_POINT('',(-0.000888195188213228,0.0149736805531451,0.00893179099345904));
#2487=CARTESIAN_POINT('',(-0.000888195188213141,0.0149736805531451,0.00893179099345907));
#2488=CARTESIAN_POINT('',(-0.00088819518821315,0.0149736805531451,0.00893179099345907));
#2489=CARTESIAN_POINT('',(0.000140078855091883,0.0150346747792598,0.00610660099133876));
#2490=CARTESIAN_POINT('',(0.00116826740587584,0.0149903876866827,0.00328305896005848));
#2491=CARTESIAN_POINT('',(0.00219468121878232,0.0148385772346248,0.000460585899672019));
#2492=CARTESIAN_POINT('',(0.,9.18485099360515E-19,0.01));
#2493=CARTESIAN_POINT('',(0.015,9.18485099360515E-19,0.01));
#2494=CARTESIAN_POINT('',(0.,9.18485099360515E-19,0.));
#2495=CARTESIAN_POINT('',(0.015,9.18485099360515E-19,0.));
#2496=CARTESIAN_POINT('',(0.,0.,0.01));
#2497=CARTESIAN_POINT('',(0.,0.,0.));
#2498=CARTESIAN_POINT('',(-0.0199999778305089,0.0149702211626712,0.0095895758280092));
#2499=CARTESIAN_POINT('',(-0.0199999778305089,0.0149702211626712,0.00893179099345907));
#2500=CARTESIAN_POINT('',(-0.00552490665623079,0.0274495064880944,0.00893179099345907));
#2501=CARTESIAN_POINT('',(-0.00198139370319615,0.0279298062827678,0.000460585899672022));
#2502=CARTESIAN_POINT('',(-0.00318288336764199,0.0278445703154472,0.00327722555988903));
#2503=CARTESIAN_POINT('',(-0.00436713271790098,0.0276825377428116,0.00610450748763977));
#2504=CARTESIAN_POINT('',(-0.0055249066562308,0.0274495064880944,0.00893179099345906));
#2505=CARTESIAN_POINT('',(-0.00198139370319614,0.0279298062827678,0.000460585899672028));
#2506=CARTESIAN_POINT('',(-0.0199999778305089,0.0149702211626712,0.000460585899672024));
#2507=CARTESIAN_POINT('',(-0.0199999778305089,0.0149702211626712,0.01));
#2508=CARTESIAN_POINT('',(-0.0199999778305089,0.0149702211626712,0.00934221516544986));
#2509=CARTESIAN_POINT('',(-0.00424587500544219,0.0276762090149313,0.00934221516544986));
#2510=CARTESIAN_POINT('',(-0.0199999778305089,0.0149702211626712,0.000939414100327966));
#2511=CARTESIAN_POINT('',(-0.000680886620943604,0.027991720086651,0.000939414100327961));
#2512=CARTESIAN_POINT('',(-0.00424587500544219,0.0276762090149312,0.00934221516544986));
#2513=CARTESIAN_POINT('',(-0.00307819724880261,0.0278553453192803,0.00653603925262278));
#2514=CARTESIAN_POINT('',(-0.00188627085378964,0.0279623996306483,0.00373063606993024));
#2515=CARTESIAN_POINT('',(-0.000680886620943604,0.027991720086651,0.000939414100327966));
#2516=CARTESIAN_POINT('',(-0.0199999778305089,0.0149702211626712,0.0007));
#2517=CARTESIAN_POINT('',(-0.0199999778305089,0.0149702211626712,8.13638866776426E-6));
#2518=CARTESIAN_POINT('',(-0.00133313995678359,0.0279682451693993,8.13638867084479E-6));
#2519=CARTESIAN_POINT('',(-0.000680886620943605,0.027991720086651,0.000939414100327967));
#2520=CARTESIAN_POINT('',(-0.000592686856733618,0.0279938655081983,0.000735176220929635));
#2521=CARTESIAN_POINT('',(-0.000680833801651608,0.0279927049217196,0.000245417148900668));
#2522=CARTESIAN_POINT('',(-0.00111421385113885,0.0279786805448492,3.66879278000072E-5));
#2523=CARTESIAN_POINT('',(-0.00133313995678359,0.0279682451693993,8.13638867084458E-6));
#2524=CARTESIAN_POINT('',(-0.0199999778305089,0.0149702211626712,0.0007));
#2525=CARTESIAN_POINT('',(-0.00133313995678472,0.0279682451693992,8.1363886648352E-6));
#2526=CARTESIAN_POINT('',(-0.00160494770994507,0.0279552891267835,4.3584558147392E-5));
#2527=CARTESIAN_POINT('',(-0.00187142945753058,0.0279376073559916,0.000202797868103489));
#2528=CARTESIAN_POINT('',(-0.00198139370319614,0.0279298062827678,0.000460585899672033));
#2529=CARTESIAN_POINT('',(-0.0199999778305089,0.0149702211626712,0.0091028010651219));
#2530=CARTESIAN_POINT('',(-0.00515628099333147,0.0275211330856455,0.00978804122453396));
#2531=CARTESIAN_POINT('',(-0.00480225777912848,0.0275874618652387,0.00985338942839759));
#2532=CARTESIAN_POINT('',(-0.00438921545411196,0.0276542188056527,0.00968669249415098));
#2533=CARTESIAN_POINT('',(-0.00424587500544219,0.0276762090149313,0.00934221516544987));
#2534=CARTESIAN_POINT('',(-0.00515628099333147,0.0275211330856454,0.00978804122453396));
#2535=CARTESIAN_POINT('',(-0.0199999778305089,0.0149702211626712,0.00978804122453439));
#2536=CARTESIAN_POINT('',(-0.0199999778305089,0.0149702211626712,0.00917120509378703));
#2537=CARTESIAN_POINT('',(-0.0055249066562308,0.0274495064880944,0.00893179099345906));
#2538=CARTESIAN_POINT('',(-0.00559077683615402,0.0274362484502618,0.00909264594713933));
#2539=CARTESIAN_POINT('',(-0.00557835084557648,0.027438959069629,0.00946589425188449));
#2540=CARTESIAN_POINT('',(-0.00531011720543275,0.0274923107717503,0.00971503442075239));
#2541=CARTESIAN_POINT('',(-0.00515628099333148,0.0275211330856455,0.00978804122453397));
#2542=CARTESIAN_POINT('',(0.,1.74512168878498E-18,0.01));
#2543=CARTESIAN_POINT('',(-0.0249185646133385,0.0017809470769811,0.0095895758280092));
#2544=CARTESIAN_POINT('',(-0.0249185646133385,0.0017809470769811,0.00893179099345907));
#2545=CARTESIAN_POINT('',(-0.0194881708695928,0.0201050042565913,0.00893179099345907));
#2546=CARTESIAN_POINT('',(-0.0167668477528353,0.0224248258952716,0.000460585899672017));
#2547=CARTESIAN_POINT('',(-0.0177315231346617,0.0217035464822884,0.00327722555988903));
#2548=CARTESIAN_POINT('',(-0.0186401756617959,0.0209269824713297,0.00610450748763978));
#2549=CARTESIAN_POINT('',(-0.0194881708695928,0.0201050042565914,0.00893179099345908));
#2550=CARTESIAN_POINT('',(-0.0167668477528353,0.0224248258952716,0.000460585899672028));
#2551=CARTESIAN_POINT('',(-0.0249185646133385,0.0017809470769811,0.000460585899672024));
#2552=CARTESIAN_POINT('',(-0.0249185646133385,0.0017809470769811,0.01));
#2553=CARTESIAN_POINT('',(-0.0249185646133385,0.0017809470769811,0.00934221516544986));
#2554=CARTESIAN_POINT('',(-0.0185347456141923,0.0209872152754286,0.00934221516544986));
#2555=CARTESIAN_POINT('',(-0.0249185646133385,0.0017809470769811,0.000939414100327966));
#2556=CARTESIAN_POINT('',(-0.0157062647049615,0.0231800183135752,0.000939414100327961));
#2557=CARTESIAN_POINT('',(-0.0185347456141923,0.0209872152754285,0.00934221516544985));
#2558=CARTESIAN_POINT('',(-0.0176492809742301,0.0217692085811948,0.00653603925262278));
#2559=CARTESIAN_POINT('',(-0.0167044466139608,0.0225036724593847,0.00373063606993025));
#2560=CARTESIAN_POINT('',(-0.0157062647049615,0.0231800183135751,0.000939414100327968));
#2561=CARTESIAN_POINT('',(-0.0249185646133385,0.0017809470769811,0.0007));
#2562=CARTESIAN_POINT('',(-0.0249185646133385,0.0017809470769811,8.13638866776426E-6));
#2563=CARTESIAN_POINT('',(-0.0162422836295852,0.0228076351798276,8.13638867084479E-6));
#2564=CARTESIAN_POINT('',(-0.0157062647049615,0.0231800183135752,0.000939414100327967));
#2565=CARTESIAN_POINT('',(-0.0156332262441842,0.0232295075496531,0.000735176220929637));
#2566=CARTESIAN_POINT('',(-0.0157067527125821,0.023180875365821,0.000245417148900668));
#2567=CARTESIAN_POINT('',(-0.0160637530596963,0.0229347743650094,3.66879278000109E-5));
#2568=CARTESIAN_POINT('',(-0.0162422836295852,0.0228076351798276,8.13638867084661E-6));
#2569=CARTESIAN_POINT('',(-0.0249185646133385,0.0017809470769811,0.0007));
#2570=CARTESIAN_POINT('',(-0.0162422836295861,0.0228076351798269,8.13638866483421E-6));
#2571=CARTESIAN_POINT('',(-0.0164639382967124,0.0226497854973456,4.35845581473894E-5));
#2572=CARTESIAN_POINT('',(-0.0166785575212887,0.0224908397353485,0.000202797868103492));
#2573=CARTESIAN_POINT('',(-0.0167668477528353,0.0224248258952716,0.000460585899672033));
#2574=CARTESIAN_POINT('',(-0.0249185646133385,0.0017809470769811,0.0091028010651219));
#2575=CARTESIAN_POINT('',(-0.019216787490638,0.0203645544645508,0.00978804122453396));
#2576=CARTESIAN_POINT('',(-0.0189548242566056,0.020611753184637,0.0098533894283976));
#2577=CARTESIAN_POINT('',(-0.0186434424683129,0.020891220236842,0.00968669249415101));
#2578=CARTESIAN_POINT('',(-0.0185347456141923,0.0209872152754286,0.00934221516544987));
#2579=CARTESIAN_POINT('',(-0.0192167874906381,0.0203645544645508,0.00978804122453396));
#2580=CARTESIAN_POINT('',(-0.0249185646133385,0.0017809470769811,0.00978804122453439));
#2581=CARTESIAN_POINT('',(-0.0249185646133385,0.0017809470769811,0.00917120509378703));
#2582=CARTESIAN_POINT('',(-0.0194881708695928,0.0201050042565913,0.00893179099345906));
#2583=CARTESIAN_POINT('',(-0.0195364165547497,0.0200582387775066,0.00909264594713932));
#2584=CARTESIAN_POINT('',(-0.0195274286177479,0.020067237093329,0.00946589425188448));
#2585=CARTESIAN_POINT('',(-0.0193306202282004,0.0202571374556975,0.00971503442075238));
#2586=CARTESIAN_POINT('',(-0.019216787490638,0.0203645544645508,0.00978804122453396));
#2587=CARTESIAN_POINT('',(-9.43484016384204E-19,1.46808978591068E-18,0.01));
#2588=CARTESIAN_POINT('',(-0.0219256831975973,-0.0119737651220798,0.0095895758280092));
#2589=CARTESIAN_POINT('',(-0.0219256831975973,-0.0119737651220798,0.00893179099345907));
#2590=CARTESIAN_POINT('',(-0.0272640785286944,0.00637730522879243,0.00893179099345907));
#2591=CARTESIAN_POINT('',(-0.0262289461098343,0.00980012173227497,0.000460585899672036));
#2592=CARTESIAN_POINT('',(-0.0266505295913819,0.00867179999093456,0.00327722555988904));
#2593=CARTESIAN_POINT('',(-0.0269950945382583,0.00752725812819304,0.00610450748763978));
#2594=CARTESIAN_POINT('',(-0.0272640785286944,0.00637730522879243,0.00893179099345907));
#2595=CARTESIAN_POINT('',(-0.0262289461098343,0.00980012173227496,0.000460585899672028));
#2596=CARTESIAN_POINT('',(-0.0219256831975973,-0.0119737651220798,0.000460585899672024));
#2597=CARTESIAN_POINT('',(-0.0219256831975973,-0.0119737651220798,0.01));
#2598=CARTESIAN_POINT('',(-0.0219256831975973,-0.0119737651220798,0.00934221516544986));
#2599=CARTESIAN_POINT('',(-0.0269389654506908,0.00763492897455433,0.00934221516544986));
#2600=CARTESIAN_POINT('',(-0.0219256831975973,-0.0119737651220798,0.000939414100327966));
#2601=CARTESIAN_POINT('',(-0.0257450147203176,0.0110088245081222,0.000939414100327961));
#2602=CARTESIAN_POINT('',(-0.0269389654506908,0.00763492897455435,0.00934221516544987));
#2603=CARTESIAN_POINT('',(-0.0266168426941998,0.00877150193245776,0.00653603925262279));
#2604=CARTESIAN_POINT('',(-0.0262190786021791,0.00990018828561796,0.00373063606993026));
#2605=CARTESIAN_POINT('',(-0.0257450147203176,0.0110088245081222,0.000939414100327979));
#2606=CARTESIAN_POINT('',(-0.0219256831975973,-0.0119737651220798,0.0007));
#2607=CARTESIAN_POINT('',(-0.0219256831975973,-0.0119737651220798,8.13638866776426E-6));
#2608=CARTESIAN_POINT('',(-0.0259946170124857,0.0104057621717101,8.13638867084479E-6));
#2609=CARTESIAN_POINT('',(-0.0257450147203176,0.0110088245081222,0.000939414100327967));
#2610=CARTESIAN_POINT('',(-0.0257103267582045,0.0110899450759503,0.000735176220929637));
#2611=CARTESIAN_POINT('',(-0.0257458886158792,0.011009281669513,0.000245417148900659));
#2612=CARTESIAN_POINT('',(-0.0259131641728556,0.0106092393736511,3.66879277999978E-5));
#2613=CARTESIAN_POINT('',(-0.0259946170124856,0.0104057621717101,8.13638867084125E-6));
#2614=CARTESIAN_POINT('',(-0.0219256831975973,-0.0119737651220798,0.0007));
#2615=CARTESIAN_POINT('',(-0.0259946170124861,0.010405762171709,8.13638866483919E-6));
#2616=CARTESIAN_POINT('',(-0.0260957448029027,0.0101531350082373,4.35845581474037E-5));
#2617=CARTESIAN_POINT('',(-0.0261903614170939,0.00990338941141207,0.000202797868103487));
#2618=CARTESIAN_POINT('',(-0.0262289461098343,0.00980012173227497,0.000460585899672033));
#2619=CARTESIAN_POINT('',(-0.0219256831975973,-0.0119737651220798,0.0091028010651219));
#2620=CARTESIAN_POINT('',(-0.0271760997389991,0.00674237369002737,0.00978804122453396));
#2621=CARTESIAN_POINT('',(-0.0270893679609988,0.00709195850360177,0.00985338942839759));
#2622=CARTESIAN_POINT('',(-0.0269785082270943,0.00749540685314246,0.00968669249415098));
#2623=CARTESIAN_POINT('',(-0.0269389654506908,0.00763492897455433,0.00934221516544987));
#2624=CARTESIAN_POINT('',(-0.0271760997389991,0.00674237369002737,0.00978804122453396));
#2625=CARTESIAN_POINT('',(-0.0219256831975973,-0.0119737651220798,0.00978804122453439));
#2626=CARTESIAN_POINT('',(-0.0219256831975973,-0.0119737651220798,0.00917120509378703));
#2627=CARTESIAN_POINT('',(-0.0272640785286944,0.00637730522879243,0.00893179099345906));
#2628=CARTESIAN_POINT('',(-0.0272793820549356,0.00631188001763591,0.00909264594713932));
#2629=CARTESIAN_POINT('',(-0.0272766857780018,0.00632430912821887,0.00946589425188449));
#2630=CARTESIAN_POINT('',(-0.0272137879121502,0.00659046612755442,0.00971503442075238));
#2631=CARTESIAN_POINT('',(-0.0271760997389991,0.00674237369002737,0.00978804122453396));
#2632=CARTESIAN_POINT('',(-1.58741852390593E-18,7.24949749036486E-19,0.01));
#2633=CARTESIAN_POINT('',(-0.0119715522860935,-0.0219268914974618,0.0095895758280092));
#2634=CARTESIAN_POINT('',(-0.0119715522860935,-0.0219268914974618,0.00893179099345907));
#2635=CARTESIAN_POINT('',(-0.0263838338937092,-0.00937514314926257,0.00893179099345907));
#2636=CARTESIAN_POINT('',(-0.0273635394018383,-0.00593605183636767,0.000460585899672031));
#2637=CARTESIAN_POINT('',(-0.0271081812064823,-0.00711318172553019,0.00327722555988904));
#2638=CARTESIAN_POINT('',(-0.0267792616370471,-0.00826231748558047,0.00610450748763977));
#2639=CARTESIAN_POINT('',(-0.0263838338937091,-0.00937514314926256,0.00893179099345906));
#2640=CARTESIAN_POINT('',(-0.0273635394018383,-0.00593605183636768,0.000460585899672028));
#2641=CARTESIAN_POINT('',(-0.0119715522860935,-0.0219268914974618,0.000460585899672024));
#2642=CARTESIAN_POINT('',(-0.0119715522860935,-0.0219268914974618,0.01));
#2643=CARTESIAN_POINT('',(-0.0119715522860935,-0.0219268914974618,0.00934221516544986));
#2644=CARTESIAN_POINT('',(-0.0267902540982293,-0.00814139332991058,0.00934221516544986));
#2645=CARTESIAN_POINT('',(-0.0119715522860935,-0.0219268914974618,0.000939414100327966));
#2646=CARTESIAN_POINT('',(-0.0276099044675543,-0.00465759329402263,0.000939414100327961));
#2647=CARTESIAN_POINT('',(-0.0267902540982292,-0.00814139332991056,0.00934221516544986));
#2648=CARTESIAN_POINT('',(-0.0271337449243847,-0.0070110946033636,0.00653603925262278));
#2649=CARTESIAN_POINT('',(-0.0274093383893624,-0.00584653571744469,0.00373063606993025));
#2650=CARTESIAN_POINT('',(-0.0276099044675543,-0.00465759329402261,0.000939414100327973));
#2651=CARTESIAN_POINT('',(-0.0119715522860935,-0.0219268914974618,0.0007));
#2652=CARTESIAN_POINT('',(-0.0119715522860935,-0.0219268914974618,8.13638866776426E-6));
#2653=CARTESIAN_POINT('',(-0.0274938431631089,-0.00529986680232326,8.13638867084479E-6));
#2654=CARTESIAN_POINT('',(-0.0276099044675543,-0.00465759329402263,0.000939414100327967));
#2655=CARTESIAN_POINT('',(-0.027624580186983,-0.00457059660155928,0.000735176220929638));
#2656=CARTESIAN_POINT('',(-0.0276108867953909,-0.00465768116899837,0.000245417148900664));
#2657=CARTESIAN_POINT('',(-0.027535328754802,-0.00508465415753808,3.66879278000023E-5));
#2658=CARTESIAN_POINT('',(-0.0274938431631089,-0.00529986680232326,8.13638867084303E-6));
#2659=CARTESIAN_POINT('',(-0.0119715522860935,-0.0219268914974618,0.0007));
#2660=CARTESIAN_POINT('',(-0.0274938431631087,-0.00529986680232437,8.13638866483726E-6));
#2661=CARTESIAN_POINT('',(-0.0274423367178933,-0.00556706410736245,4.35845581473991E-5));
#2662=CARTESIAN_POINT('',(-0.0273869106152226,-0.00582831707664186,0.000202797868103488));
#2663=CARTESIAN_POINT('',(-0.0273635394018383,-0.00593605183636768,0.000460585899672033));
#2664=CARTESIAN_POINT('',(-0.0119715522860935,-0.0219268914974618,0.0091028010651219));
#2665=CARTESIAN_POINT('',(-0.026507192337373,-0.00902046309174379,0.00978804122453396));
#2666=CARTESIAN_POINT('',(-0.0266232287421025,-0.00867948289294273,0.00985338942839759));
#2667=CARTESIAN_POINT('',(-0.0267480882448034,-0.00828014524641567,0.00968669249415098));
#2668=CARTESIAN_POINT('',(-0.0267902540982293,-0.00814139332991058,0.00934221516544987));
#2669=CARTESIAN_POINT('',(-0.026507192337373,-0.00902046309174379,0.00978804122453396));
#2670=CARTESIAN_POINT('',(-0.0119715522860935,-0.0219268914974618,0.00978804122453439));
#2671=CARTESIAN_POINT('',(-0.0119715522860935,-0.0219268914974618,0.00917120509378703));
#2672=CARTESIAN_POINT('',(-0.0263838338937092,-0.00937514314926257,0.00893179099345906));
#2673=CARTESIAN_POINT('',(-0.0263613364995824,-0.00943845605022116,0.00909264594713932));
#2674=CARTESIAN_POINT('',(-0.0263657879315922,-0.00942654229966773,0.00946589425188448));
#2675=CARTESIAN_POINT('',(-0.0264567702174293,-0.00916863163007873,0.00971503442075238));
#2676=CARTESIAN_POINT('',(-0.026507192337373,-0.00902046309174379,0.00978804122453396));
#2677=CARTESIAN_POINT('',(-1.72735886625083E-18,-2.48356710906636E-19,0.01));
#2678=CARTESIAN_POINT('',(0.00178346188929862,-0.0249183847504118,0.0095895758280092));
#2679=CARTESIAN_POINT('',(0.00178346188929862,-0.0249183847504118,0.00893179099345907));
#2680=CARTESIAN_POINT('',(-0.0171269084167333,-0.0221510498190228,0.00893179099345907));
#2681=CARTESIAN_POINT('',(-0.019810402275289,-0.0197875708891016,0.000460585899672031));
#2682=CARTESIAN_POINT('',(-0.0189591768257802,-0.0206397785034795,0.00327722555988904));
#2683=CARTESIAN_POINT('',(-0.0180612023792945,-0.0214286656764279,0.00610450748763978));
#2684=CARTESIAN_POINT('',(-0.0171269084167333,-0.0221510498190228,0.00893179099345907));
#2685=CARTESIAN_POINT('',(-0.019810402275289,-0.0197875708891017,0.000460585899672028));
#2686=CARTESIAN_POINT('',(0.00178346188929862,-0.0249183847504118,0.000460585899672024));
#2687=CARTESIAN_POINT('',(0.00178346188929862,-0.0249183847504118,0.01));
#2688=CARTESIAN_POINT('',(0.00178346188929862,-0.0249183847504118,0.00934221516544986));
#2689=CARTESIAN_POINT('',(-0.0181358263604699,-0.0213328807764653,0.00934221516544986));
#2690=CARTESIAN_POINT('',(0.00178346188929862,-0.0249183847504118,0.000939414100327966));
#2691=CARTESIAN_POINT('',(-0.0207088446286053,-0.0188452581342969,0.000939414100327961));
#2692=CARTESIAN_POINT('',(-0.01813582636047,-0.0213328807764653,0.00934221516544986));
#2693=CARTESIAN_POINT('',(-0.0190358748589577,-0.0205677181406443,0.00653603925262279));
#2694=CARTESIAN_POINT('',(-0.0198973269030538,-0.0197370259398661,0.00373063606993025));
#2695=CARTESIAN_POINT('',(-0.0207088446286054,-0.0188452581342969,0.000939414100327973));
#2696=CARTESIAN_POINT('',(0.00178346188929862,-0.0249183847504118,0.0007));
#2697=CARTESIAN_POINT('',(0.00178346188929862,-0.0249183847504118,8.13638866776426E-6));
#2698=CARTESIAN_POINT('',(-0.020263968371658,-0.0193228255136884,8.13638867084479E-6));
#2699=CARTESIAN_POINT('',(-0.0207088446286053,-0.0188452581342969,0.000939414100327967));
#2700=CARTESIAN_POINT('',(-0.0207682245923509,-0.0187800061523662,0.000735176220929646));
#2701=CARTESIAN_POINT('',(-0.0207096235065696,-0.0188458631459552,0.000245417148900682));
#2702=CARTESIAN_POINT('',(-0.0204152210124348,-0.0191642059201584,3.66879278000115E-5));
#2703=CARTESIAN_POINT('',(-0.020263968371658,-0.0193228255136883,8.13638867084681E-6));
#2704=CARTESIAN_POINT('',(0.00178346188929862,-0.0249183847504118,0.0007));
#2705=CARTESIAN_POINT('',(-0.0202639683716572,-0.0193228255136892,8.13638866483337E-6));
#2706=CARTESIAN_POINT('',(-0.0200761806232384,-0.0195197597038699,4.35845581473882E-5));
#2707=CARTESIAN_POINT('',(-0.0198883091996817,-0.0197095740737826,0.000202797868103474));
#2708=CARTESIAN_POINT('',(-0.0198104022752891,-0.0197875708891017,0.000460585899672033));
#2709=CARTESIAN_POINT('',(0.00178346188929862,-0.0249183847504118,0.0091028010651219));
#2710=CARTESIAN_POINT('',(-0.0174224386595023,-0.0219193665774328,0.00978804122453397));
#2711=CARTESIAN_POINT('',(-0.0177044025083339,-0.0216952497972735,0.00985338942839758));
#2712=CARTESIAN_POINT('',(-0.0180253392377478,-0.0214268097349475,0.00968669249415098));
#2713=CARTESIAN_POINT('',(-0.01813582636047,-0.0213328807764653,0.00934221516544987));
#2714=CARTESIAN_POINT('',(-0.0174224386595023,-0.0219193665774328,0.00978804122453396));
#2715=CARTESIAN_POINT('',(0.00178346188929862,-0.0249183847504118,0.00978804122453439));
#2716=CARTESIAN_POINT('',(0.00178346188929862,-0.0249183847504118,0.00917120509378703));
#2717=CARTESIAN_POINT('',(-0.0171269084167333,-0.0221510498190228,0.00893179099345906));
#2718=CARTESIAN_POINT('',(-0.0170737528659149,-0.0221921490110767,0.00909264594713933));
#2719=CARTESIAN_POINT('',(-0.0170839387086575,-0.022184533152175,0.00946589425188451));
#2720=CARTESIAN_POINT('',(-0.0172999149132801,-0.0220167536276173,0.0097150344207524));
#2721=CARTESIAN_POINT('',(-0.0174224386595023,-0.0219193665774329,0.00978804122453398));
#2722=CARTESIAN_POINT('',(-1.31887497349563E-18,-1.14281166994157E-18,0.01));
#2723=CARTESIAN_POINT('',(0.014972239516178,-0.0199984669099993,0.0095895758280092));
#2724=CARTESIAN_POINT('',(0.014972239516178,-0.0199984669099993,0.00893179099345907));
#2725=CARTESIAN_POINT('',(-0.00243231053039683,-0.0278941546830822,0.00893179099345907));
#2726=CARTESIAN_POINT('',(-0.00596760239994929,-0.0273566759968407,0.00046058589967203));
#2727=CARTESIAN_POINT('',(-0.00479076776203499,-0.0276133914402802,0.00327722555988903));
#2728=CARTESIAN_POINT('',(-0.00360883898047374,-0.027791563922726,0.00610450748763978));
#2729=CARTESIAN_POINT('',(-0.00243231053039684,-0.0278941546830823,0.00893179099345906));
#2730=CARTESIAN_POINT('',(-0.00596760239994929,-0.0273566759968407,0.000460585899672028));
#2731=CARTESIAN_POINT('',(0.014972239516178,-0.0199984669099993,0.000460585899672024));
#2732=CARTESIAN_POINT('',(0.014972239516178,-0.0199984669099993,0.01));
#2733=CARTESIAN_POINT('',(0.014972239516178,-0.0199984669099993,0.00934221516544986));
#2734=CARTESIAN_POINT('',(-0.0037234018948872,-0.0277513293074251,0.00934221516544986));
#2735=CARTESIAN_POINT('',(0.014972239516178,-0.0199984669099993,0.000939414100327966));
#2736=CARTESIAN_POINT('',(-0.00723287294177828,-0.027049686671163,0.000939414100327961));
#2737=CARTESIAN_POINT('',(-0.00372340189488722,-0.0277513293074251,0.00934221516544986));
#2738=CARTESIAN_POINT('',(-0.00489424902687622,-0.0275942364928223,0.00653603925262278));
#2739=CARTESIAN_POINT('',(-0.00606805471281942,-0.0273611498815412,0.00373063606993026));
#2740=CARTESIAN_POINT('',(-0.00723287294177829,-0.027049686671163,0.000939414100327975));
#2741=CARTESIAN_POINT('',(0.014972239516178,-0.0199984669099993,0.0007));
#2742=CARTESIAN_POINT('',(0.014972239516178,-0.0199984669099993,8.13638866776426E-6));
#2743=CARTESIAN_POINT('',(-0.00660042680056424,-0.0272109236530183,8.13638867084479E-6));
#2744=CARTESIAN_POINT('',(-0.00723287294177828,-0.027049686671163,0.000939414100327967));
#2745=CARTESIAN_POINT('',(-0.00731810443091025,-0.0270268964429794,0.000735176220929638));
#2746=CARTESIAN_POINT('',(-0.00723320108161977,-0.0270506167325772,0.000245417148900656));
#2747=CARTESIAN_POINT('',(-0.00681342484567826,-0.0271592577109369,3.66879278000027E-5));
#2748=CARTESIAN_POINT('',(-0.00660042680056424,-0.0272109236530183,8.13638867084322E-6));
#2749=CARTESIAN_POINT('',(0.014972239516178,-0.0199984669099993,0.0007));
#2750=CARTESIAN_POINT('',(-0.00660042680056314,-0.0272109236530186,8.13638866483726E-6));
#2751=CARTESIAN_POINT('',(-0.00633597903221916,-0.0272750695144302,4.35845581474002E-5));
#2752=CARTESIAN_POINT('',(-0.00607531013731966,-0.0273331805636931,0.000202797868103488));
#2753=CARTESIAN_POINT('',(-0.0059676023999493,-0.0273566759968407,0.000460585899672033));
#2754=CARTESIAN_POINT('',(0.014972239516178,-0.0199984669099993,0.0091028010651219));
#2755=CARTESIAN_POINT('',(-0.00280618380830863,-0.0278590260496304,0.00978804122453396));
#2756=CARTESIAN_POINT('',(-0.00316455357149979,-0.0278229281822799,0.00985338942839759));
#2757=CARTESIAN_POINT('',(-0.00357967238366828,-0.0277706135272365,0.00968669249415098));
#2758=CARTESIAN_POINT('',(-0.0037234018948872,-0.0277513293074251,0.00934221516544987));
#2759=CARTESIAN_POINT('',(-0.00280618380830863,-0.0278590260496304,0.00978804122453396));
#2760=CARTESIAN_POINT('',(0.014972239516178,-0.0199984669099993,0.00978804122453439));
#2761=CARTESIAN_POINT('',(0.014972239516178,-0.0199984669099993,0.00917120509378703));
#2762=CARTESIAN_POINT('',(-0.00243231053039683,-0.0278941546830823,0.00893179099345906));
#2763=CARTESIAN_POINT('',(-0.00236537333469251,-0.0278999914631474,0.00909264594713933));
#2764=CARTESIAN_POINT('',(-0.0023780596550668,-0.0278990914772876,0.00946589425188449));
#2765=CARTESIAN_POINT('',(-0.00265045885952223,-0.0278747119113348,0.00971503442075238));
#2766=CARTESIAN_POINT('',(-0.00280618380830863,-0.0278590260496304,0.00978804122453396));
#2767=CARTESIAN_POINT('',(-4.91657595380826E-19,-1.67443199849145E-18,0.01));
#2768=CARTESIAN_POINT('',(0.02340743688546,-0.00872917712807689,0.0095895758280092));
#2769=CARTESIAN_POINT('',(0.02340743688546,-0.00872917712807689,0.00893179099345907));
#2770=CARTESIAN_POINT('',(0.0130345287634557,-0.024781062525942,0.00893179099345907));
#2771=CARTESIAN_POINT('',(0.0097698690723107,-0.0262402297686188,0.000460585899672017));
#2772=CARTESIAN_POINT('',(0.0108986762162088,-0.0258199477016926,0.00327722555988902));
#2773=CARTESIAN_POINT('',(0.0119893052958097,-0.0253308369893658,0.00610450748763977));
#2774=CARTESIAN_POINT('',(0.0130345287634557,-0.024781062525942,0.00893179099345905));
#2775=CARTESIAN_POINT('',(0.00976986907231069,-0.0262402297686188,0.000460585899672028));
#2776=CARTESIAN_POINT('',(0.02340743688546,-0.00872917712807689,0.000460585899672024));
#2777=CARTESIAN_POINT('',(0.02340743688546,-0.00872917712807689,0.01));
#2778=CARTESIAN_POINT('',(0.02340743688546,-0.00872917712807689,0.00934221516544986));
#2779=CARTESIAN_POINT('',(0.0118711763640216,-0.0253589268648004,0.00934221516544986));
#2780=CARTESIAN_POINT('',(0.02340743688546,-0.00872917712807689,0.000939414100327966));
#2781=CARTESIAN_POINT('',(0.00853948479902529,-0.0266660308138878,0.000939414100327961));
#2782=CARTESIAN_POINT('',(0.0118711763640216,-0.0253589268648004,0.00934221516544986));
#2783=CARTESIAN_POINT('',(0.0108012662901274,-0.0258597797300875,0.00653603925262278));
#2784=CARTESIAN_POINT('',(0.00968778197390936,-0.026298302060474,0.00373063606993025));
#2785=CARTESIAN_POINT('',(0.00853948479902529,-0.0266660308138878,0.00093941410032797));
#2786=CARTESIAN_POINT('',(0.02340743688546,-0.00872917712807689,0.0007));
#2787=CARTESIAN_POINT('',(0.02340743688546,-0.00872917712807689,8.13638866776426E-6));
#2788=CARTESIAN_POINT('',(0.00915870364332141,-0.0264597457957141,8.13638867084479E-6));
#2789=CARTESIAN_POINT('',(0.00853948479902529,-0.0266660308138879,0.000939414100327967));
#2790=CARTESIAN_POINT('',(0.00845546218008938,-0.0266929380758717,0.000735176220929636));
#2791=CARTESIAN_POINT('',(0.00853971157938769,-0.0266669906371305,0.000245417148900672));
#2792=CARTESIAN_POINT('',(0.0089515855682216,-0.026531437076638,3.66879278000096E-5));
#2793=CARTESIAN_POINT('',(0.0091587036433214,-0.0264597457957141,8.13638867084562E-6));
#2794=CARTESIAN_POINT('',(0.02340743688546,-0.00872917712807689,0.0007));
#2795=CARTESIAN_POINT('',(0.00915870364332247,-0.0264597457957138,8.13638866483355E-6));
#2796=CARTESIAN_POINT('',(0.0094158511336411,-0.0263707374705909,4.35845581473887E-5));
#2797=CARTESIAN_POINT('',(0.00966655696755122,-0.0262786953516562,0.000202797868103492));
#2798=CARTESIAN_POINT('',(0.00976986907231069,-0.0262402297686188,0.000460585899672033));
#2799=CARTESIAN_POINT('',(0.02340743688546,-0.00872917712807689,0.0091028010651219));
#2800=CARTESIAN_POINT('',(0.0127010145744757,-0.0249536415935421,0.00978804122453396));
#2801=CARTESIAN_POINT('',(0.0123800187646184,-0.0251170234568289,0.00985338942839759));
#2802=CARTESIAN_POINT('',(0.0120025151594695,-0.0252974437424068,0.00968669249415099));
#2803=CARTESIAN_POINT('',(0.0118711763640216,-0.0253589268648004,0.00934221516544987));
#2804=CARTESIAN_POINT('',(0.0127010145744757,-0.0249536415935421,0.00978804122453396));
#2805=CARTESIAN_POINT('',(0.02340743688546,-0.00872917712807689,0.00978804122453439));
#2806=CARTESIAN_POINT('',(0.02340743688546,-0.00872917712807689,0.00917120509378703));
#2807=CARTESIAN_POINT('',(0.0130345287634557,-0.024781062525942,0.00893179099345906));
#2808=CARTESIAN_POINT('',(0.0130939955173654,-0.0247497837575883,0.00909264594713933));
#2809=CARTESIAN_POINT('',(0.013082836536441,-0.024755885383922,0.0094658942518845));
#2810=CARTESIAN_POINT('',(0.0128404991548866,-0.0248826461165064,0.00971503442075239));
#2811=CARTESIAN_POINT('',(0.0127010145744757,-0.0249536415935421,0.00978804122453397));
#2812=CARTESIAN_POINT('',(4.91657595380825E-19,-1.67443199849145E-18,0.01));
#2813=CARTESIAN_POINT('',(0.0244109384326543,0.0053115647145916,0.0095895758280092));
#2814=CARTESIAN_POINT('',(0.0244109384326543,0.0053115647145916,0.00893179099345907));
#2815=CARTESIAN_POINT('',(0.0243629972724903,-0.0138001581114359,0.00893179099345907));
#2816=CARTESIAN_POINT('',(0.0224054761447082,-0.0167926959934643,0.000460585899672034));
#2817=CARTESIAN_POINT('',(0.0231278675021727,-0.0158288530028502,0.00327722555988904));
#2818=CARTESIAN_POINT('',(0.0237809298530567,-0.0148277482910235,0.00610450748763978));
#2819=CARTESIAN_POINT('',(0.0243629972724903,-0.0138001581114359,0.00893179099345907));
#2820=CARTESIAN_POINT('',(0.0224054761447082,-0.0167926959934642,0.000460585899672028));
#2821=CARTESIAN_POINT('',(0.0244109384326543,0.0053115647145916,0.000460585899672024));
#2822=CARTESIAN_POINT('',(0.0244109384326543,0.0053115647145916,0.01));
#2823=CARTESIAN_POINT('',(0.0244109384326543,0.0053115647145916,0.00934221516544986));
#2824=CARTESIAN_POINT('',(0.0236967400050776,-0.0149152443202167,0.00934221516544986));
#2825=CARTESIAN_POINT('',(0.0244109384326543,0.0053115647145916,0.000939414100327966));
#2826=CARTESIAN_POINT('',(0.0216006164532547,-0.0178160985863736,0.000939414100327961));
#2827=CARTESIAN_POINT('',(0.0236967400050776,-0.0149152443202167,0.00934221516544986));
#2828=CARTESIAN_POINT('',(0.0230674558781162,-0.0159150256195222,0.00653603925262278));
#2829=CARTESIAN_POINT('',(0.0223678163345184,-0.0168859291501293,0.00373063606993026));
#2830=CARTESIAN_POINT('',(0.0216006164532547,-0.0178160985863736,0.000939414100327977));
#2831=CARTESIAN_POINT('',(0.0244109384326543,0.0053115647145916,0.0007));
#2832=CARTESIAN_POINT('',(0.0244109384326543,0.0053115647145916,8.13638866776426E-6));
#2833=CARTESIAN_POINT('',(0.0220100103927602,-0.0173077856039007,8.13638867084479E-6));
#2834=CARTESIAN_POINT('',(0.0216006164532547,-0.0178160985863736,0.000939414100327967));
#2835=CARTESIAN_POINT('',(0.0215444792923515,-0.0178841604729626,0.000735176220929633));
#2836=CARTESIAN_POINT('',(0.0216013261526583,-0.0178167834343469,0.000245417148900665));
#2837=CARTESIAN_POINT('',(0.0218745308130924,-0.0174800726326828,3.6687927800005E-5));
#2838=CARTESIAN_POINT('',(0.0220100103927601,-0.0173077856039006,8.13638867084375E-6));
#2839=CARTESIAN_POINT('',(0.0244109384326543,0.0053115647145916,0.0007));
#2840=CARTESIAN_POINT('',(0.0220100103927608,-0.0173077856038998,8.13638866483556E-6));
#2841=CARTESIAN_POINT('',(0.0221782150937953,-0.0170938826065663,4.35845581473948E-5));
#2842=CARTESIAN_POINT('',(0.0223393605358524,-0.0168809100418571,0.000202797868103479));
#2843=CARTESIAN_POINT('',(0.0224054761447083,-0.0167926959934643,0.000460585899672033));
#2844=CARTESIAN_POINT('',(0.0244109384326543,0.0053115647145916,0.0091028010651219));
#2845=CARTESIAN_POINT('',(0.0241757305709446,-0.0141256522455104,0.00978804122453396));
#2846=CARTESIAN_POINT('',(0.023994022616003,-0.014436641252242,0.00985338942839759));
#2847=CARTESIAN_POINT('',(0.0237739889451953,-0.014792514312559,0.00968669249415098));
#2848=CARTESIAN_POINT('',(0.0236967400050776,-0.0149152443202167,0.00934221516544987));
#2849=CARTESIAN_POINT('',(0.0241757305709446,-0.0141256522455104,0.00978804122453396));
#2850=CARTESIAN_POINT('',(0.0244109384326543,0.0053115647145916,0.00978804122453439));
#2851=CARTESIAN_POINT('',(0.0244109384326543,0.0053115647145916,0.00917120509378703));
#2852=CARTESIAN_POINT('',(0.0243629972724903,-0.0138001581114359,0.00893179099345906));
#2853=CARTESIAN_POINT('',(0.0243961133104112,-0.0137416945826106,0.00909264594713933));
#2854=CARTESIAN_POINT('',(0.0243900245665345,-0.0137528605978887,0.00946589425188449));
#2855=CARTESIAN_POINT('',(0.0242546894142505,-0.0139905159920633,0.00971503442075239));
#2856=CARTESIAN_POINT('',(0.0241757305709446,-0.0141256522455104,0.00978804122453397));
#2857=CARTESIAN_POINT('',(1.31887497349563E-18,-1.14281166994157E-18,0.01));
#2858=CARTESIAN_POINT('',(0.0176641395069298,0.0176659222901001,0.0095895758280092));
#2859=CARTESIAN_POINT('',(0.0176641395069298,0.0176659222901001,0.00893179099345907));
#2860=CARTESIAN_POINT('',(0.0279563862882221,0.00156219899619328,0.00893179099345907));
#2861=CARTESIAN_POINT('',(0.0279275028506904,-0.00201359989190486,0.000460585899672018));
#2862=CARTESIAN_POINT('',(0.0280141242698997,-0.000812209316933742,0.00327722555988902));
#2863=CARTESIAN_POINT('',(0.0280222772099792,0.00038304572185581,0.00610450748763977));
#2864=CARTESIAN_POINT('',(0.0279563862882221,0.0015621989961933,0.00893179099345906));
#2865=CARTESIAN_POINT('',(0.0279275028506904,-0.00201359989190488,0.000460585899672028));
#2866=CARTESIAN_POINT('',(0.0176641395069298,0.0176659222901001,0.000460585899672024));
#2867=CARTESIAN_POINT('',(0.0176641395069298,0.0176659222901001,0.01));
#2868=CARTESIAN_POINT('',(0.0176641395069298,0.0176659222901001,0.00934221516544986));
#2869=CARTESIAN_POINT('',(0.0279987561276854,0.000263922909955427,0.00934221516544986));
#2870=CARTESIAN_POINT('',(0.0176641395069298,0.0176659222901001,0.000939414100327966));
#2871=CARTESIAN_POINT('',(0.0278037050062384,-0.00330968094022297,0.000939414100327961));
#2872=CARTESIAN_POINT('',(0.0279987561276854,0.000263922909955439,0.00934221516544986));
#2873=CARTESIAN_POINT('',(0.0280098912116579,-0.000917363324956147,0.00653603925262278));
#2874=CARTESIAN_POINT('',(0.0279462270523558,-0.00211239304489262,0.00373063606993024));
#2875=CARTESIAN_POINT('',(0.0278037050062384,-0.00330968094022295,0.000939414100327964));
#2876=CARTESIAN_POINT('',(0.0176641395069298,0.0176659222901001,0.0007));
#2877=CARTESIAN_POINT('',(0.0176641395069298,0.0176659222901001,8.13638866776426E-6));
#2878=CARTESIAN_POINT('',(0.0278732943577996,-0.00266072577381803,8.13638867084479E-6));
#2879=CARTESIAN_POINT('',(0.0278037050062384,-0.00330968094022297,0.000939414100327967));
#2880=CARTESIAN_POINT('',(0.0277932764553085,-0.00339728828332739,0.000735176220929634));
#2881=CARTESIAN_POINT('',(0.027804672300137,-0.00330987337853422,0.000245417148900681));
#2882=CARTESIAN_POINT('',(0.0278524670828553,-0.00287890863614216,3.66879278000132E-5));
#2883=CARTESIAN_POINT('',(0.0278732943577996,-0.00266072577381804,8.13638867084681E-6));
#2884=CARTESIAN_POINT('',(0.0176641395069298,0.0176659222901001,0.0007));
#2885=CARTESIAN_POINT('',(0.0278732943577997,-0.00266072577381691,8.13638866483384E-6));
#2886=CARTESIAN_POINT('',(0.0278991524654491,-0.00238984079455979,4.35845581473867E-5));
#2887=CARTESIAN_POINT('',(0.0279195749763993,-0.00212355506857911,0.000202797868103492));
#2888=CARTESIAN_POINT('',(0.0279275028506904,-0.00201359989190489,0.000460585899672033));
#2889=CARTESIAN_POINT('',(0.0176641395069298,0.0176659222901001,0.0091028010651219));
#2890=CARTESIAN_POINT('',(0.0279748229286882,0.00118713188338141,0.00978804122453396));
#2891=CARTESIAN_POINT('',(0.0279900938204691,0.000827272545499013,0.00985338942839758));
#2892=CARTESIAN_POINT('',(0.0279973892198005,0.00040893389261467,0.00968669249415099));
#2893=CARTESIAN_POINT('',(0.0279987561276854,0.000263922909955427,0.00934221516544987));
#2894=CARTESIAN_POINT('',(0.0279748229286882,0.00118713188338141,0.00978804122453396));
#2895=CARTESIAN_POINT('',(0.0176641395069298,0.0176659222901001,0.00978804122453439));
#2896=CARTESIAN_POINT('',(0.0176641395069298,0.0176659222901001,0.00917120509378703));
#2897=CARTESIAN_POINT('',(0.0279563862882221,0.00156219899619328,0.00893179099345906));
#2898=CARTESIAN_POINT('',(0.0279526375021009,0.0016292855281718,0.00909264594713932));
#2899=CARTESIAN_POINT('',(0.0279535521284319,0.00161660025490472,0.0094658942518845));
#2900=CARTESIAN_POINT('',(0.027968187160036,0.00134350410759766,0.0097150344207524));
#2901=CARTESIAN_POINT('',(0.0279748229286882,0.00118713188338142,0.00978804122453397));
#2902=CARTESIAN_POINT('',(1.72735886625083E-18,-2.48356710906636E-19,0.01));
#2903=CARTESIAN_POINT('',(0.00530910109660076,0.0244114743599441,0.0095895758280092));
#2904=CARTESIAN_POINT('',(0.00530910109660076,0.0244114743599441,0.00893179099345907));
#2905=CARTESIAN_POINT('',(0.0226738201878298,0.0164285689605018,0.00893179099345907));
#2906=CARTESIAN_POINT('',(0.0245827447278842,0.0134047999479173,0.000460585899672026));
#2907=CARTESIAN_POINT('',(0.024006094520277,0.0144623050883123,0.00327722555988903));
#2908=CARTESIAN_POINT('',(0.0233667495486827,0.0154722254245176,0.00610450748763977));
#2909=CARTESIAN_POINT('',(0.0226738201878298,0.0164285689605018,0.00893179099345906));
#2910=CARTESIAN_POINT('',(0.0245827447278841,0.0134047999479173,0.000460585899672028));
#2911=CARTESIAN_POINT('',(0.00530910109660076,0.0244114743599441,0.000460585899672024));
#2912=CARTESIAN_POINT('',(0.00530910109660076,0.0244114743599441,0.01));
#2913=CARTESIAN_POINT('',(0.00530910109660076,0.0244114743599441,0.00934221516544986));
#2914=CARTESIAN_POINT('',(0.0234113650095105,0.0153592964810069,0.00934221516544986));
#2915=CARTESIAN_POINT('',(0.00530910109660076,0.0244114743599441,0.000939414100327966));
#2916=CARTESIAN_POINT('',(0.0251793136713334,0.0122475370193604,0.000939414100327961));
#2917=CARTESIAN_POINT('',(0.0234113650095105,0.0153592964810068,0.00934221516544987));
#2918=CARTESIAN_POINT('',(0.0240593839939324,0.014371555343504,0.00653603925262279));
#2919=CARTESIAN_POINT('',(0.0246519081396749,0.0133318129266414,0.00373063606993026));
#2920=CARTESIAN_POINT('',(0.0251793136713334,0.0122475370193604,0.00093941410032798));
#2921=CARTESIAN_POINT('',(0.00530910109660076,0.0244114743599441,0.0007));
#2922=CARTESIAN_POINT('',(0.00530910109660076,0.0244114743599441,8.13638866776426E-6));
#2923=CARTESIAN_POINT('',(0.0248870043075245,0.0128310956896618,8.13638867084479E-6));
#2924=CARTESIAN_POINT('',(0.0251793136713334,0.0122475370193604,0.000939414100327967));
#2925=CARTESIAN_POINT('',(0.0252179047216124,0.0121681989321723,0.000735176220929633));
#2926=CARTESIAN_POINT('',(0.0251802314507488,0.0122478980885152,0.000245417148900652));
#2927=CARTESIAN_POINT('',(0.0249874418499401,0.0126362885109772,3.66879277999996E-5));
#2928=CARTESIAN_POINT('',(0.0248870043075245,0.0128310956896618,8.13638867084197E-6));
#2929=CARTESIAN_POINT('',(0.00530910109660076,0.0244114743599441,0.0007));
#2930=CARTESIAN_POINT('',(0.0248870043075239,0.0128310956896629,8.13638866483826E-6));
#2931=CARTESIAN_POINT('',(0.0247623060553144,0.0130729585839113,4.35845581474002E-5));
#2932=CARTESIAN_POINT('',(0.0246355216322295,0.0133080136346496,0.000202797868103489));
#2933=CARTESIAN_POINT('',(0.0245827447278841,0.0134047999479173,0.000460585899672033));
#2934=CARTESIAN_POINT('',(0.00530910109660076,0.0244114743599441,0.0091028010651219));
#2935=CARTESIAN_POINT('',(0.0228921066672267,0.0161230100271727,0.00978804122453395));
#2936=CARTESIAN_POINT('',(0.0230995080054887,0.0158285331552726,0.0098533894283976));
#2937=CARTESIAN_POINT('',(0.0233318162372183,0.015480548476272,0.00968669249415098));
#2938=CARTESIAN_POINT('',(0.0234113650095105,0.0153592964810069,0.00934221516544987));
#2939=CARTESIAN_POINT('',(0.0228921066672267,0.0161230100271727,0.00978804122453396));
#2940=CARTESIAN_POINT('',(0.00530910109660076,0.0244114743599441,0.00978804122453439));
#2941=CARTESIAN_POINT('',(0.00530910109660076,0.0244114743599441,0.00917120509378703));
#2942=CARTESIAN_POINT('',(0.0226738201878298,0.0164285689605018,0.00893179099345906));
#2943=CARTESIAN_POINT('',(0.0226343967907724,0.0164829789957411,0.00909264594713932));
#2944=CARTESIAN_POINT('',(0.0226420243999133,0.0164728019491174,0.00946589425188447));
#2945=CARTESIAN_POINT('',(0.0228019830962774,0.0162509711458427,0.00971503442075237));
#2946=CARTESIAN_POINT('',(0.0228921066672267,0.0161230100271727,0.00978804122453395));
#2947=CARTESIAN_POINT('',(1.58741852390593E-18,7.24949749036485E-19,0.01));
#2948=CARTESIAN_POINT('',(-0.00873153939958327,0.0234065558037414,0.0095895758280092));
#2949=CARTESIAN_POINT('',(-0.00873153939958327,0.0234065558037414,0.00893179099345907));
#2950=CARTESIAN_POINT('',(0.0101924763833594,0.0260789843585723,0.00893179099345907));
#2951=CARTESIAN_POINT('',(0.0134331388473488,0.0245672705180663,0.000460585899672027));
#2952=CARTESIAN_POINT('',(0.0123762993794248,0.025145139813784,0.00327722555988903));
#2953=CARTESIAN_POINT('',(0.0112924440072423,0.0256490828764159,0.00610450748763978));
#2954=CARTESIAN_POINT('',(0.0101924763833594,0.0260789843585723,0.00893179099345906));
#2955=CARTESIAN_POINT('',(0.0134331388473488,0.0245672705180662,0.000460585899672028));
#2956=CARTESIAN_POINT('',(-0.00873153939958327,0.0234065558037414,0.000460585899672024));
#2957=CARTESIAN_POINT('',(-0.00873153939958327,0.0234065558037414,0.01));
#2958=CARTESIAN_POINT('',(-0.00873153939958327,0.0234065558037414,0.00934221516544986));
#2959=CARTESIAN_POINT('',(0.0113910309176165,0.0255782019429417,0.00934221516544986));
#2960=CARTESIAN_POINT('',(-0.00873153939958327,0.0234065558037414,0.000939414100327966));
#2961=CARTESIAN_POINT('',(0.014560668154309,0.0239162485122582,0.000939414100327961));
#2962=CARTESIAN_POINT('',(0.0113910309176165,0.0255782019429417,0.00934221516544986));
#2963=CARTESIAN_POINT('',(0.0124701923536172,0.0250976067349593,0.00653603925262279));
#2964=CARTESIAN_POINT('',(0.0135307825747068,0.0245432624920557,0.00373063606993025));
#2965=CARTESIAN_POINT('',(0.014560668154309,0.0239162485122582,0.000939414100327971));
#2966=CARTESIAN_POINT('',(-0.00873153939958327,0.0234065558037414,0.0007));
#2967=CARTESIAN_POINT('',(-0.00873153939958327,0.0234065558037414,8.13638866776426E-6));
#2968=CARTESIAN_POINT('',(0.01399926623278,0.024249134931864,8.13638867084479E-6));
#2969=CARTESIAN_POINT('',(0.014560668154309,0.0239162485122582,0.000939414100327967));
#2970=CARTESIAN_POINT('',(0.0146360264200046,0.0238703689630924,0.000735176220929634));
#2971=CARTESIAN_POINT('',(0.0145612450307615,0.0239170484519737,0.000245417148900664));
#2972=CARTESIAN_POINT('',(0.0141890803824963,0.0241395533396095,3.66879278000037E-5));
#2973=CARTESIAN_POINT('',(0.01399926623278,0.024249134931864,8.13638867084374E-6));
#2974=CARTESIAN_POINT('',(-0.00873153939958327,0.0234065558037414,0.0007));
#2975=CARTESIAN_POINT('',(0.013999266232779,0.0242491349318645,8.13638866483789E-6));
#2976=CARTESIAN_POINT('',(0.0137636024347112,0.0243851859811019,4.35845581474003E-5));
#2977=CARTESIAN_POINT('',(0.0135298642361048,0.0245143820388081,0.000202797868103487));
#2978=CARTESIAN_POINT('',(0.0134331388473488,0.0245672705180662,0.000460585899672033));
#2979=CARTESIAN_POINT('',(-0.00873153939958327,0.0234065558037414,0.0091028010651219));
#2980=CARTESIAN_POINT('',(0.0105413082868173,0.0259399464070818,0.00978804122453396));
#2981=CARTESIAN_POINT('',(0.0108749916120899,0.025804346327318,0.00985338942839759));
#2982=CARTESIAN_POINT('',(0.0112585564540551,0.0256371982990416,0.00968669249415098));
#2983=CARTESIAN_POINT('',(0.0113910309176165,0.0255782019429417,0.00934221516544987));
#2984=CARTESIAN_POINT('',(0.0105413082868173,0.0259399464070818,0.00978804122453396));
#2985=CARTESIAN_POINT('',(-0.00873153939958327,0.0234065558037414,0.00978804122453439));
#2986=CARTESIAN_POINT('',(-0.00873153939958327,0.0234065558037414,0.00917120509378703));
#2987=CARTESIAN_POINT('',(0.0101924763833594,0.0260789843585723,0.00893179099345906));
#2988=CARTESIAN_POINT('',(0.0101298950253791,0.0261034430953269,0.00909264594713932));
#2989=CARTESIAN_POINT('',(0.0101418139053219,0.0260990054157421,0.00946589425188448));
#2990=CARTESIAN_POINT('',(0.0103963105105645,0.0259988696691579,0.00971503442075238));
#2991=CARTESIAN_POINT('',(0.0105413082868173,0.0259399464070818,0.00978804122453396));
#2992=CARTESIAN_POINT('',(9.43484016384203E-19,1.46808978591068E-18,0.01));
#2993=CARTESIAN_POINT('',(0.,0.,0.));
#2994=CARTESIAN_POINT('',(1.04083408558608E-17,0.03,0.01));
#2995=CARTESIAN_POINT('',(1.04083408558608E-17,0.03,0.));
#2996=CARTESIAN_POINT('',(-0.025,0.03,0.));
#2997=CARTESIAN_POINT('',(0.025,0.03,0.));
#2998=CARTESIAN_POINT('',(-0.025,0.03,0.01));
#2999=CARTESIAN_POINT('',(-0.025,0.03,0.01));
#3000=CARTESIAN_POINT('',(1.04083408558608E-17,0.03,0.01));
#3001=CARTESIAN_POINT('',(0.025,0.03,0.01));
#3002=CARTESIAN_POINT('',(0.025,0.03,0.01));
#3003=CARTESIAN_POINT('',(-0.03,0.,0.01));
#3004=CARTESIAN_POINT('',(-0.03,0.,0.01));
#3005=CARTESIAN_POINT('',(-0.03,0.025,0.01));
#3006=CARTESIAN_POINT('',(-0.03,-0.025,0.01));
#3007=CARTESIAN_POINT('',(-0.03,0.025,0.));
#3008=CARTESIAN_POINT('',(-0.03,0.025,0.));
#3009=CARTESIAN_POINT('',(-0.03,0.,0.));
#3010=CARTESIAN_POINT('',(-0.03,-0.025,0.));
#3011=CARTESIAN_POINT('',(-0.03,-0.025,0.01));
#3012=CARTESIAN_POINT('',(-3.46944695195361E-18,-0.03,0.01));
#3013=CARTESIAN_POINT('',(-3.46944695195361E-18,-0.03,0.01));
#3014=CARTESIAN_POINT('',(-0.025,-0.03,0.01));
#3015=CARTESIAN_POINT('',(0.025,-0.03,0.01));
#3016=CARTESIAN_POINT('',(-0.025,-0.03,0.01));
#3017=CARTESIAN_POINT('',(-0.025,-0.03,0.));
#3018=CARTESIAN_POINT('',(-3.46944695195361E-18,-0.03,0.));
#3019=CARTESIAN_POINT('',(0.025,-0.03,0.));
#3020=CARTESIAN_POINT('',(0.025,-0.03,0.01));
#3021=CARTESIAN_POINT('',(0.,1.74512168878498E-18,0.01));
#3022=CARTESIAN_POINT('',(0.,1.74512168878498E-18,0.01));
#3023=CARTESIAN_POINT('',(0.0285,1.74512168878498E-18,0.01));
#3024=CARTESIAN_POINT('',(0.,1.74512168878498E-18,0.));
#3025=CARTESIAN_POINT('',(0.0285,1.74512168878498E-18,0.));
#3026=CARTESIAN_POINT('',(-0.024725,0.024725,0.01));
#3027=CARTESIAN_POINT('',(-0.024725,0.024725,0.01));
#3028=CARTESIAN_POINT('',(-0.02235,0.024725,0.01));
#3029=CARTESIAN_POINT('',(-0.024725,0.024725,0.));
#3030=CARTESIAN_POINT('',(-0.02235,0.024725,0.));
#3031=CARTESIAN_POINT('',(-0.024725,-0.024725,0.01));
#3032=CARTESIAN_POINT('',(-0.024725,-0.024725,0.01));
#3033=CARTESIAN_POINT('',(-0.02235,-0.024725,0.01));
#3034=CARTESIAN_POINT('',(-0.024725,-0.024725,0.));
#3035=CARTESIAN_POINT('',(-0.02235,-0.024725,0.));
#3036=CARTESIAN_POINT('',(0.024725,-0.024725,0.01));
#3037=CARTESIAN_POINT('',(0.024725,-0.024725,0.01));
#3038=CARTESIAN_POINT('',(0.0271,-0.024725,0.01));
#3039=CARTESIAN_POINT('',(0.024725,-0.024725,0.));
#3040=CARTESIAN_POINT('',(0.0271,-0.024725,0.));
#3041=CARTESIAN_POINT('',(0.024725,0.024725,0.01));
#3042=CARTESIAN_POINT('',(0.024725,0.024725,0.01));
#3043=CARTESIAN_POINT('',(0.0271,0.024725,0.01));
#3044=CARTESIAN_POINT('',(0.024725,0.024725,0.));
#3045=CARTESIAN_POINT('',(0.0271,0.024725,0.));
#3046=CARTESIAN_POINT('',(0.03,0.,0.01));
#3047=CARTESIAN_POINT('',(0.03,0.,0.01));
#3048=CARTESIAN_POINT('',(0.03,0.025,0.01));
#3049=CARTESIAN_POINT('',(0.03,-0.025,0.01));
#3050=CARTESIAN_POINT('',(0.03,-0.025,0.));
#3051=CARTESIAN_POINT('',(0.03,-0.025,0.));
#3052=CARTESIAN_POINT('',(0.03,0.,0.));
#3053=CARTESIAN_POINT('',(0.03,0.025,0.));
#3054=CARTESIAN_POINT('',(0.03,0.025,0.01));
#3055=CARTESIAN_POINT('',(0.,0.,0.01));
#3056=CARTESIAN_POINT('',(-0.025,0.025,0.01));
#3057=CARTESIAN_POINT('',(-0.025,-0.025,0.01));
#3058=CARTESIAN_POINT('',(0.025,-0.025,0.01));
#3059=CARTESIAN_POINT('',(0.025,0.025,0.01));
#3060=CARTESIAN_POINT('',(0.,0.,0.));
#3061=CARTESIAN_POINT('',(-0.025,0.025,0.));
#3062=CARTESIAN_POINT('',(0.025,0.025,0.));
#3063=CARTESIAN_POINT('',(0.025,-0.025,0.));
#3064=CARTESIAN_POINT('',(-0.025,-0.025,0.));
#3065=CARTESIAN_POINT('',(-0.025,0.025,0.01));
#3066=CARTESIAN_POINT('',(-0.025,-0.025,0.01));
#3067=CARTESIAN_POINT('',(0.025,-0.025,0.01));
#3068=CARTESIAN_POINT('',(0.025,0.025,0.01));
#3069=MECHANICAL_DESIGN_GEOMETRIC_PRESENTATION_REPRESENTATION('',(#1562),
#3071);
#3070=MECHANICAL_DESIGN_GEOMETRIC_PRESENTATION_REPRESENTATION('',(#1563),
#3072);
#3071=(
GEOMETRIC_REPRESENTATION_CONTEXT(3)
GLOBAL_UNCERTAINTY_ASSIGNED_CONTEXT((#3073))
GLOBAL_UNIT_ASSIGNED_CONTEXT((#3079,#3077,#3075))
REPRESENTATION_CONTEXT('blade','TOP_LEVEL_ASSEMBLY_PART')
);
#3072=(
GEOMETRIC_REPRESENTATION_CONTEXT(3)
GLOBAL_UNCERTAINTY_ASSIGNED_CONTEXT((#3074))
GLOBAL_UNIT_ASSIGNED_CONTEXT((#3080,#3078,#3076))
REPRESENTATION_CONTEXT('body','TOP_LEVEL_ASSEMBLY_PART')
);
#3073=UNCERTAINTY_MEASURE_WITH_UNIT(LENGTH_MEASURE(2.E-5),#3079,
'DISTANCE_ACCURACY_VALUE','Maximum Tolerance applied to model');
#3074=UNCERTAINTY_MEASURE_WITH_UNIT(LENGTH_MEASURE(1.E-8),#3080,
'DISTANCE_ACCURACY_VALUE','Maximum Tolerance applied to model');
#3075=(
NAMED_UNIT(*)
SI_UNIT($,.STERADIAN.)
SOLID_ANGLE_UNIT()
);
#3076=(
NAMED_UNIT(*)
SI_UNIT($,.STERADIAN.)
SOLID_ANGLE_UNIT()
);
#3077=(
NAMED_UNIT(*)
PLANE_ANGLE_UNIT()
SI_UNIT($,.RADIAN.)
);
#3078=(
NAMED_UNIT(*)
PLANE_ANGLE_UNIT()
SI_UNIT($,.RADIAN.)
);
#3079=(
LENGTH_UNIT()
NAMED_UNIT(*)
SI_UNIT($,.METRE.)
);
#3080=(
LENGTH_UNIT()
NAMED_UNIT(*)
SI_UNIT($,.METRE.)
);
#3081=PRODUCT_DEFINITION_SHAPE('','',#3083);
#3082=PRODUCT_DEFINITION_SHAPE('','',#3084);
#3083=PRODUCT_DEFINITION('','',#3087,#3085);
#3084=PRODUCT_DEFINITION('','',#3088,#3086);
#3085=PRODUCT_DEFINITION_CONTEXT('',#3099,'design');
#3086=PRODUCT_DEFINITION_CONTEXT('',#3100,'design');
#3087=PRODUCT_DEFINITION_FORMATION_WITH_SPECIFIED_SOURCE('','',#3091,
 .NOT_KNOWN.);
#3088=PRODUCT_DEFINITION_FORMATION_WITH_SPECIFIED_SOURCE('','',#3092,
 .NOT_KNOWN.);
#3089=PRODUCT_RELATED_PRODUCT_CATEGORY('','',(#3091));
#3090=PRODUCT_RELATED_PRODUCT_CATEGORY('','',(#3092));
#3091=PRODUCT('blade','blade','blade',(#3095));
#3092=PRODUCT('body','body','body',(#3096));
#3093=PRODUCT_CATEGORY('','');
#3094=PRODUCT_CATEGORY('','');
#3095=PRODUCT_CONTEXT('',#3099,'mechanical');
#3096=PRODUCT_CONTEXT('',#3100,'mechanical');
#3097=APPLICATION_PROTOCOL_DEFINITION('international standard',
'ap242_managed_model_based_3d_engineering',2020,#3099);
#3098=APPLICATION_PROTOCOL_DEFINITION('international standard',
'ap242_managed_model_based_3d_engineering',2020,#3100);
#3099=APPLICATION_CONTEXT('managed model based 3d engineering');
#3100=APPLICATION_CONTEXT('managed model based 3d engineering');
ENDSEC;
END-ISO-10303-21;
